1358892757, sari_gusna, Reasons: default, no description, 
191983803, leeoakden, Reasons: default, no description, 
1704017995, PitavasasG, Reasons: default, no description, 
1311574830, Roskotheque, Reasons: default, no description, 
2725739630, hgfw8nixwj4mry, Reasons: default, no description, 
2603544036, feie827, Reasons: default, no description, 
2533533391, duracixyqixi, Reasons: default, no description, 
2522625279, mellajay3, Reasons: default, no description, 
1917611666, AlexHazard013, Reasons: default, max followings, 
2778096723, KMobilgsm92, Reasons: default, 
1853190780, silviaac_, Reasons: default, no description, 
2854486717, mohameedaboo445, Reasons: default, no description, 
1145856668, PeLopez1, Reasons: default, no description, 
2879142553, williamshane97, Reasons: default, no description, 
929323002, erfolg17shop, Reasons: default, no description, 
2386682126, ComeCumshots, Reasons: default, egghead, 
2290850334, Edith_MCrz, Reasons: default, no description, 
588388186, IzdiharAlFarsi, Reasons: default, no description, 
2823025888, nhT7zoA7xK, Reasons: default, no description, 
1067943488, orianaklobi, Reasons: default, no description, 
2847891802, YogaPantsFB, Reasons: default, no description, 
2839490056, ujpoa, Reasons: default, no description, 
2383246946, shigahanakodh6q, Reasons: default, no description, 
2215105976, _kerriJean, Reasons: default, no description, 
2616522138, ammeehl7, Reasons: default, no description, 
2843060981, mayu9y06h, Reasons: default, no followers, 
740843682, beli_kamera, Reasons: default, egghead, 
2839483187, momfucking1, Reasons: default, no description, 
1703624084, FeareFazli, Reasons: default, 
2796202099, 1957_alzaeem, Reasons: default, no description, 
1253808836, 8F_720, Reasons: default, no description, 
438153945, dharmav07, Reasons: egghead, 
2527066801, amazinghaileyAZ, Reasons: default, no description, 
2745833243, 074dichl, Reasons: default, no followers, 
107844934, aisberg_tw, Reasons: default, no description, 
2269231876, jerdencoq, Reasons: default, no description, 
146114597, bjpraju, Reasons: default, no description, 
2881736797, butsuoke, Reasons: no followers, 
1693486146, saads25, Reasons: default, no description, 
2465926711, autofollowjp65, Reasons: default, egghead, 
2433098365, YankeesTop, Reasons: default, no description, 
1687841852, vububasevofun, Reasons: default, no description, 
174604930, maniacav, Reasons: egghead, 
2574544735, iluha_GaGa, Reasons: default, no followers, 
303109931, ASLANBEY87, Reasons: no description, max followings, 
1588293302, fawzy_marwan, Reasons: default, no description, 
2564981676, doudou0710, Reasons: default, no description, 
2163151044, KaterinaSta1, Reasons: default, no description, 
178287176, mura_av, Reasons: egghead, max followings, 
605296119, ibrahimalawawi, Reasons: default, no description, 
2325971426, alexashark, Reasons: default, default, 
563144353, nanwarda, Reasons: default, no description, 
1637257590, naser_tabt, Reasons: default, no description, 
2856490172, alfaqer800, Reasons: default, no description, 
1216530942, 40saued, Reasons: default, no description, 
2325971426, alexashark, Reasons: default, default, default, 
2864868696, uuphiona, Reasons: default, no description, 
1324348723, MarylouPappas1, Reasons: default, no description, 
2744289265, mikakunin_m, Reasons: default, no description, 
2786303752, 48182edd93e9429, Reasons: default, no description, 
1709676234, gilywihajacy, Reasons: default, no description, 
2491154965, TMAGO_KAWAII, Reasons: default, no description, 
2694097202, ksa13455, Reasons: default, no description, 
220951182, scumxx, Reasons: default, no description, 
2387533105, kudretugur, Reasons: default, no description, 
2797591661, liniqki553, Reasons: default, no description, 
870354499, sprancky_228, Reasons: default, no description, 
2174955704, oqmswcv9, Reasons: default, no description, 
2865197874, putebioc2, Reasons: default, no description, 
2841496926, iujksf, Reasons: default, no description, 
2796590370, a2zsale, Reasons: default, no description, 
2809557288, PromoChelsea10, Reasons: default, no description, 
2675885060, work_waku, Reasons: default, no description, 
802385294, sallooomka, Reasons: default, no description, 
2299533758, waraetta, Reasons: default, egghead, 
443938148, Ronaldw771, Reasons: default, no description, 
2438589102, shoujishigekim5, Reasons: default, no description, 
2824861187, robertugonoves, Reasons: default, no description, 
550894630, felitsa2, Reasons: default, no description, 
2742204769, __rere__152, Reasons: default, 
2849411519, Thehateizreal, Reasons: default, no followers, 
357423859, mehmetluleci_, Reasons: default, no description, 
2516043054, ammar9128, Reasons: default, 
2580046082, iwanerwanto16, Reasons: default, no description, 
2755860159, teodoornorth, Reasons: default, no followers, 
2821960035, rEdRd8ZvT3, Reasons: default, no description, 
2393607843, Fara7_fans1, Reasons: default, no description, 
2326167157, secret_roma, Reasons: default, no description, 
588292089, styles_uk, Reasons: default, no description, 
450137228, lynnedocx, Reasons: default, no description, 
1641875306, rayma_1289, Reasons: default, no description, 
2868085098, Qatari999i, Reasons: default, no description, 
2265830922, RDENgtbt, Reasons: default, egghead, 
2618080233, satataqest, Reasons: default, no followers, 
2839761420, bigloooove6, Reasons: default, 
2365959625, QkyMickey, Reasons: default, no description, 
1013274577, arthaus_, Reasons: default, no description, 
2746562327, fransoria80, Reasons: default, no description, 
2831584489, HikaruYanagida1, Reasons: default, no description, 
2495014376, Hoogeveen_bn, Reasons: default, no description, 
2439758832, Svetlana1912199, Reasons: no description, 
2478795176, sophiamrtz, Reasons: default, no description, 
2751755359, 3zam_eldosary, Reasons: default, 
2784000266, playTotoTv, Reasons: default, egghead, 
2388993354, pkubertuah, Reasons: default, default, 
2419546117, TamamULx4Z, Reasons: default, no description, 
2792599633, JIJILETU, Reasons: default, no description, 
1966639128, salman_kajol, Reasons: default, no description, 
124138380, Ay_DwiPratiwi, Reasons: no description, no description, 
2783745562, MicroscopioEs, Reasons: default, no description, 
628595270, abuabdelrhman27, Reasons: default, no description, 
2479907534, legoshokunin, Reasons: default, 
2168480774, mmmm201326, Reasons: default, egghead, 
1000747506, Ddanielmachado, Reasons: default, no description, 
297842453, FabioTakuya, Reasons: default, no description, 
2822048658, jobs4a, Reasons: no followers, 
2194193891, froschmike30, Reasons: default, no description, 
2639433543, SakarResul, Reasons: default, no description, 
2542798208, nicvnoift, Reasons: default, no description, 
2607144620, wherestars, Reasons: no description, 
2856329684, c9y3xao8olr, Reasons: default, 
323410100, romawka27, Reasons: default, no description, 
2686026746, arsenov_senya, Reasons: default, no description, 
2608330356, gogoaki835, Reasons: default, no description, 
2716962276, littlemintminx, Reasons: default, 
2472158983, sojuqefilitu, Reasons: default, no description, 
2444489931, rdaniHaski, Reasons: default, no description, 
2830227678, anittapsd, Reasons: default, no description, 
1897448119, kanygina2003, Reasons: default, no description, 
532115273, AMANENA7, Reasons: default, no description, 
2454717920, zhk9371, Reasons: default, no description, 
2747296496, em824, Reasons: default, no followers, 
1254816721, Den4ikBleat, Reasons: default, no description, 
1290132840, youki_AT_RMR, Reasons: default, no description, 
1852340215, xander995, Reasons: default, no description, 
317717700, MajoElena, Reasons: no description, 
2367473898, SlavaGusak, Reasons: default, no description, 
537910121, SIEBER11605, Reasons: no description, no followers, 
2376645509, zzazz33233, Reasons: default, no description, 
617625871, HosainMohd, Reasons: default, no description, 
2862437304, TurnipThecop3, Reasons: default, no description, 
1440000320, mcnpp, Reasons: default, no description, 
2820373788, diego22revista_, Reasons: default, no description, 
2839866431, hotsolo2, Reasons: default, no description, 
2842611472, RoughSex181, Reasons: default, no description, 
963697902, freeinfo55, Reasons: default, egghead, 
233899665, blju218, Reasons: default, egghead, 
2231009233, hyogo_wplan, Reasons: default, 
1697703138, bumplovetako, Reasons: default, 
2749754740, mshari0102, Reasons: default, no description, 
2465192821, bualbraa, Reasons: default, no description, 
2585749982, musyagan, Reasons: default, no description, 
226848857, oxy_elk, Reasons: default, no description, 
2780837275, jumplove_r, Reasons: default, no description, 
2154208092, muradoooo, Reasons: default, no description, 
2573569692, stockblaster14, Reasons: default, no description, 
2785107648, caridadtemplema, Reasons: default, no description, 
304323118, xsexxyteens, Reasons: default, no description, 
2482178653, taku_19870827, Reasons: default, no description, 
222034178, Vuzzer, Reasons: default, no description, 
2679621697, InsideScoopNow, Reasons: default, no description, 
2586592160, yannkiijoutou, Reasons: default, no description, 
2871447854, roses0506, Reasons: default, no description, 
2704945009, Maestro54662727, Reasons: default, no description, 
2565082686, ali533121, Reasons: default, no description, 
2392321218, food0608, Reasons: default, no description, 
2285312220, 1001ptsGR, Reasons: default, no description, 
2607424436, vasikumara, Reasons: no description, 
467576315, kaystevens4, Reasons: default, no description, 
1305796237, Gangsta_News, Reasons: default, no description, 
2307768314, Gefri37, Reasons: default, no description, 
2274094748, taieki_mz, Reasons: default, no followers, 
2400893023, tobiqonareta, Reasons: no followers, 
2847547553, franquicialo_mx, Reasons: default, 
2225343478, so02r, Reasons: default, no description, 
967531844, Adelechka9, Reasons: default, no description, 
2423628990, URimaginatiIno, Reasons: default, no description, 
2824950604, danielayeruris, Reasons: default, no description, 
2831647274, yatupa_, Reasons: default, no description, 
2859936985, monhun4g0990, Reasons: default, no description, 
1205872537, 1125Na, Reasons: default, no description, 
2596709917, fjfhggef, Reasons: default, no followers, 
2335109276, setton0207, Reasons: default, no description, 
2790969452, yychoe11, Reasons: default, no description, 
2661267816, teen_hardcore, Reasons: default, no description, 
2572571856, kaomane415, Reasons: default, no description, 
2718141224, nrynaa_, Reasons: default, no description, 
342616401, CrazyMen09, Reasons: no description, 
987429218, ckolyov1112, Reasons: default, no description, 
1236984757, DaikiZip, Reasons: default, no description, 
2255942762, CyYeolyeol, Reasons: default, no description, 
1067171690, masahirotakeshi, Reasons: default, no description, 
2472937514, assssa880, Reasons: default, default, 
2352967500, len238, Reasons: default, no description, 
2522617476, allin1indonews, Reasons: default, no description, 
1230901746, vamotest, Reasons: no description, 
2829531383, BmwPlaneta, Reasons: default, no followers, 
2386815104, tomiko3613, Reasons: default, egghead, 
2785200002, fytobamokyx, Reasons: default, no description, 
1490167404, akm_0403, Reasons: default, no description, 
2359568034, lucky_strike122, Reasons: default, no description, 
2583584828, issei09061, Reasons: default, no description, 
2414644098, RachelleManni12, Reasons: default, no description, 
2303289059, n888f1, Reasons: default, no description, 
2837072335, kaka200215, Reasons: default, no description, 
2514513583, 0319ryouchan1, Reasons: default, no description, 
2418976429, ThaqeefOF9Xt, Reasons: default, no description, 
2639376822, sst_6677, Reasons: default, no description, 
481045367, anvil33, Reasons: default, no description, 
2769087036, J4sn_, Reasons: no followers, 
1640029927, Rhmadinaika, Reasons: default, no description, 
2173544611, auction0004, Reasons: default, no description, 
463907228, brainpup, Reasons: default, 
2478350970, 1116Kyota, Reasons: default, no description, 
2337648116, PorkBonesBaby, Reasons: default, no description, 
2822836188, nstacere, Reasons: default, no description, 
2835564873, bader_bezt, Reasons: default, no description, 
434210438, NagashKsa, Reasons: default, no description, 
2824861049, charlesaropehok, Reasons: default, no description, 
2446776914, hyomienf, Reasons: default, no description, 
2412290073, okoalexd, Reasons: default, no description, 
2586781226, xopd0qu0, Reasons: default, no description, 
2497431032, bipuxapuhop, Reasons: default, no description, 
