1240509912, DanielS09589833, Reasons: default, no description, 
2831719311, ModernSageDeals, Reasons: default, default, 
2831719311, ModernSageDeals, Reasons: default, default, default, 
1356942170, ColumbiaUEnergy, Reasons: default, default, 
1356942170, ColumbiaUEnergy, Reasons: default, default, default, 
2448666968, jostiehl, Reasons: default, no description, 
191997489, Thompson1142, Reasons: default, no description, 
553603610, papanastassioum, Reasons: default, max followings, 
1855891758, rocolombia, Reasons: default, default, 
1175223865, WorldCompanies, Reasons: default, egghead, 
2839149099, melodramaticch, Reasons: default, no followers, 
28467936, jasonrials, Reasons: default, no description, 
