2703552548, hanslangsdorff, Reasons: default, max followings, 
148585399, marycmillerny, Reasons: default, no description, 
440900090, patriciaungurea, Reasons: default, no description, 
737828466, khanhvan070890, Reasons: default, no description, 
867642224, Sic_Pat, Reasons: default, no description, 
223625643, Falcao_Brzl, Reasons: default, no description, 
2173113132, YeyAlmontef, Reasons: default, no description, 
1692276926, FloreTrinidad, Reasons: default, no description, 
2358947791, alondrasofia_11, Reasons: default, no description, 
2753668925, parker_jeannie, Reasons: default, no description, 
2469812537, reevabande, Reasons: default, no description, 
2469665608, maelvirta, Reasons: default, no description, 
2471853863, andrgarcias, Reasons: default, no description, 
418012251, alegrias123, Reasons: default, no description, 
2742321705, sabrinamaia29, Reasons: default, no description, 
2800201810, DinoMall, Reasons: default, no description, 
2836890031, seasseniorfund, Reasons: default, no description, 
1683517184, Dayana_Tenorio1, Reasons: no description, 
2829338523, mcgarciamarq, Reasons: default, 
2741475023, deraquintero, Reasons: default, egghead, 
813937724, Jmhercas, Reasons: default, no description, 
578179220, grone_ayala, Reasons: default, no description, 
1531806265, Emisoft297, Reasons: default, no description, 
2546529230, JonathLugo, Reasons: default, no description, 
2753404542, QueDatoCurioso, Reasons: default, no description, 
16087122, elpacox, Reasons: default, no description, 
1713062161, bexedowafudycy, Reasons: no followers, 
186166801, marurengifo, Reasons: default, no description, 
2496317108, ancadumaneli, Reasons: default, no description, 
529107072, riddle_keith, Reasons: default, no description, 
816857160, sandy92hn, Reasons: default, no description, 
2530625821, JmrodasF, Reasons: default, no description, 
1646755718, raphaelbeltrao, Reasons: default, no description, 
2202088055, isabelecdiniz, Reasons: default, no description, 
2833742986, DivisimaRo, Reasons: no description, 
