# BOTNAME,app_key,app_secret,access_token,access_secret
irc=ix.undernet.org:6667,#flock,bibimbot
bot=JoseClark92,xDkNHkEOYBTGhTJYW3eyR4eqh,TRargGx8DQ98tw60TOZYaGei3Rhj8n7uIr6XpFvZ1HU6JiygaT,2806074095-3T5vAV1G47AZXtd6E31nT3U1x2WvcWLB9cDJtMA,AhXCIJGulfAc9d7UO588TAomqwy2Y3bWSA1MRVuqMMKBJ
bot=MaryJJordan1,xDkNHkEOYBTGhTJYW3eyR4eqh,TRargGx8DQ98tw60TOZYaGei3Rhj8n7uIr6XpFvZ1HU6JiygaT,2806332747-VR0HnZdGIrvCZjRBjCvrT3rd92Ge6FdtvVzKnhx,zB92afZJ2ucK1XoviRheoNYuSuCKvp1vFPjxCZyvo5e5U
bot=AnnaNicholas10,xDkNHkEOYBTGhTJYW3eyR4eqh,TRargGx8DQ98tw60TOZYaGei3Rhj8n7uIr6XpFvZ1HU6JiygaT,2841821574-lBCsDrrcKLbwYAfqZeYI16bjC1vswgF1JhZTMUU,0uAd2RQnv8dOLLsjTdhKytDrU0bjOW7Yi1pSRiNSVpRVn
bot=MariaWoosley,xDkNHkEOYBTGhTJYW3eyR4eqh,TRargGx8DQ98tw60TOZYaGei3Rhj8n7uIr6XpFvZ1HU6JiygaT,2809466326-JYmaaDtGhzhNoAOXmDUWKZXQEQXdChAiPpo3AJx,pEOsnkESN51JWy8FR236zvDOxqTuYVLWqaVcLpkCluttF
bot=JuliaMoreson,xDkNHkEOYBTGhTJYW3eyR4eqh,TRargGx8DQ98tw60TOZYaGei3Rhj8n7uIr6XpFvZ1HU6JiygaT,2809420881-yLEybKwfcD8PUdKqSgle0crYgdCnwVObWNIFNBN,wvwHT8pT8vroY8LcGp5pVJpXti5vpYb7RhNHbRMgKcqod
bot=ShellyKimBim,xDkNHkEOYBTGhTJYW3eyR4eqh,TRargGx8DQ98tw60TOZYaGei3Rhj8n7uIr6XpFvZ1HU6JiygaT,2841925777-UeeRBxDVbT0tD0y4408lhJUmJdOss8sroMAZtnJ,6W1ccm17Rr8DSuD1eQS40ZmEZzz4IRnIpceIE3oVr7MBP
bot=bbenson1425,xDkNHkEOYBTGhTJYW3eyR4eqh,TRargGx8DQ98tw60TOZYaGei3Rhj8n7uIr6XpFvZ1HU6JiygaT,2809440581-cheqEI0M2TxpFs1OVApOvFXUjAVVTpSS1kCGXkC,xFuoIdMv7cMflFAyVk0s9eHfgOBPgfRE0SW4tT7PCUPsV
bot=GirlsOfUMich,xDkNHkEOYBTGhTJYW3eyR4eqh,TRargGx8DQ98tw60TOZYaGei3Rhj8n7uIr6XpFvZ1HU6JiygaT,2876088508-0MaT55uMX45QnJSdQqT1crBUwtpEcl6hxnvRY3m,lX2usnzWwy14yibWcgSeaUrfBT4hrxiQD67DZodbQAiEb
