2600082026, OmegaTres3, Reasons: 
1539770660, DudaTinelli, Reasons: 
2697136367, liveonthinkwild, Reasons: 
330805218, brenopraado, Reasons: 
298236416, fercarrera7, Reasons: 
157503128, TheGuiCastello, Reasons: 
2263589476, HORANSOCORRO, Reasons: 
143638477, Spnfuckinglove, Reasons: 
2568435929, FdezEscobar, Reasons: 
837989466, HuronSensual, Reasons: 
1196489131, akame595, Reasons: 
2399075126, pabloib06620487, Reasons: 
1700829192, NahomiiAC, Reasons: 
486469043, SatoKIM0917, Reasons: 
2404903440, edgardo40923898, Reasons: 
2767329816, andy67dericota7, Reasons: 
2844458955, bWolfytGilroy, Reasons: 
183817094, adriannesacha, Reasons: 
352506493, dutra_jp, Reasons: 
397249064, ShuuyuKun, Reasons: 
391019723, drunkbyjay, Reasons: 
703910484, TVMNeamt, Reasons: 
22942762, so_treu, Reasons: 
1131307836, BodegaYCocina, Reasons: 
56844577, mmsoriano, Reasons: 
2211681415, kim_evans_clark, Reasons: 
874216046, Mundo_Abisal, Reasons: 
2735632471, zaynxreligi0n, Reasons: 
218986231, luscamonte, Reasons: 
2734692205, camiivalencia2, Reasons: 
600188903, bradleyyrauhl, Reasons: 
288466336, wheenitrains, Reasons: 
726704971, catchnashty, Reasons: 
2227184900, zaynword, Reasons: 
107182041, EncinaCarolB, Reasons: 
39246283, mettawordlife83, Reasons: 
313899651, SandyVaqz, Reasons: 
1950186074, Oiagoborges, Reasons: 
2816871323, estuprofly, Reasons: 
274126230, NestleSavoy, Reasons: 
833731314, BBecariedad, Reasons: 
1727105766, BaiaodoGaiato, Reasons: 
1854878256, febremicaelb, Reasons: 
399789508, LeoMcVilla, Reasons: 
789486950, Eva_drama, Reasons: 
1463000082, aracelialegre5, Reasons: 
2286825718, alex_fyr, Reasons: 
367561918, Luis_Garcia_R, Reasons: 
1450819124, kim_harries, Reasons: 
2845548627, luvmynajaal, Reasons: 
1604750256, ZTySoNZ, Reasons: 
914765652, huannguyenhuu, Reasons: 
1713044568, mariiaaaah_, Reasons: 
2322943060, gabii_aalves, Reasons: 
808955208, JuninhoJuan, Reasons: 
1697955728, libredeudas, Reasons: 
387050961, boldandworthy, Reasons: 
726991687, mentesonriente, Reasons: 
159260461, fixyoually, Reasons: 
102522232, JoysitoG, Reasons: 
1511788303, kindergabriel, Reasons: 
2374536577, PoetaTurista, Reasons: 
312977011, LourdesPorra, Reasons: 
1061923754, EstefiiiiPaez, Reasons: 
187704170, VishVicc, Reasons: 
544251252, love_affairx, Reasons: 
2610229312, niallpepekinha, Reasons: 
2302069474, biaainocs, Reasons: 
550515602, omaindhi, Reasons: 
20087967, MonsieurDLaTour, Reasons: 
2184820081, Krgc14, Reasons: 
2493237614, bicthdo_zayn, Reasons: 
966737480, LeeJMin94, Reasons: 
316710216, Implika_Formac, Reasons: 
159572520, francotiradero, Reasons: 
197915850, thattiaraujo, Reasons: 
703390044, Vanessa_Girbert, Reasons: 
2561933989, oifarmiga, Reasons: 
611703431, DutchCajonist, Reasons: 
2745884949, The7Coach, Reasons: 
1032888722, IdiotsInMyHeart, Reasons: 
288957256, silvergirlworld, Reasons: 
1966230164, Apeldoorn_BN, Reasons: 
348082830, TTKuli, Reasons: 
43130472, Stephania_F, Reasons: 
2773281524, Yennii_biebers_, Reasons: 
500946430, ComendadorJoao, Reasons: 
106122353, zoomadrid, Reasons: 
61370368, titancataldo, Reasons: 
326684160, ProImobilGrup, Reasons: 
208691227, afaceri_pe_net, Reasons: 
1355881555, KlebaAbril, Reasons: 
861968654, ProgCultOHH, Reasons: 
62617288, stateofisa, Reasons: 
1263042638, austingozador, Reasons: 
2828587331, perrieelesirens, Reasons: 
2842534161, SmilerFlyers_, Reasons: 
165697367, judynnkwon, Reasons: 
172112371, Selenatorkatyy, Reasons: 
2828133569, NotiVzlaCom, Reasons: 
2589441042, eeigabriel, Reasons: 
1638541250, lovmyashti, Reasons: 
2398997006, elbuenpastor_mx, Reasons: 
2200620562, drunkspoby, Reasons: 
474964670, mochikuchi, Reasons: 
2829684243, BritoCidinha, Reasons: 
1510416800, LuvFenty, Reasons: 
488243546, irenegilromero, Reasons: 
2302121072, poxa_juuh10, Reasons: 
2551148180, yaggoarthur, Reasons: 
2188793365, yigidoekiciniz, Reasons: 
291869106, perspectivers, Reasons: 
25418426, dinhomartins, Reasons: 
282794636, _RaphaelaSales, Reasons: 
1345464661, PepeDracma, Reasons: 
244128589, CarmenJordanP, Reasons: 
2594940486, Janilceleandro1, Reasons: 
934725266, geram9, Reasons: 
108771128, karliitaWY, Reasons: 
1376627436, BenaventeShoes, Reasons: 
2664000200, michaelelfe, Reasons: 
2690331519, LorraneCinthia, Reasons: 
25229040, heathradio, Reasons: 
2745459725, UnbreakableKaty, Reasons: 
217227463, alvaroaguirrepe, Reasons: 
2554593880, bitchwess, Reasons: 
2171144722, ornelaas96, Reasons: 
2861337360, AullaSat, Reasons: 
2614389380, LeanDipi, Reasons: 
165829287, LuaPerez25, Reasons: 
123586822, AlvaroFaure, Reasons: 
1131257827, harrypecadora, Reasons: 
113765032, WalkenesLagares, Reasons: 
1037560724, baltidei, Reasons: 
920618172, blues_iqbal, Reasons: 
2324479975, horancrucio, Reasons: 
2790770541, silvijameow, Reasons: 
506451480, ALCATEL1TOUCHVE, Reasons: 
139020934, jesusropa, Reasons: 
1558648842, anitapb30, Reasons: 
1506918955, risitas_07, Reasons: 
1522464067, taymaldita, Reasons: 
2841161517, ClemLiberee, Reasons: 
1958320928, Natty121496, Reasons: 
2535797932, dfloresrma7, Reasons: 
2747432115, nele_sy, Reasons: 
21581208, MaeseBourbon, Reasons: 
32144286, rociotata, Reasons: 
2798473139, mujeresiuhrtlz, Reasons: 
591435730, FrancoRanieriOK, Reasons: 
968505132, Hikacchii, Reasons: 
518024181, payneitsbatman, Reasons: 
32739749, IntoRainbowz, Reasons: 
2657783455, LasPelotasQuote, Reasons: 
2817422502, AdriAlfa00, Reasons: 
2335557084, nelsiluque16, Reasons: 
2699217710, elliberocl, Reasons: 
1525809913, NatyHe25, Reasons: 
2408173621, psicotizou, Reasons: 
111334556, advertigo, Reasons: 
2719632735, Prevail_Raze, Reasons: 
1022662135, pqp_emma, Reasons: 
134319612, DrConopoima, Reasons: 
863748002, drewzpisou, Reasons: 
298632846, LilyCaas, Reasons: 
2745884949, The7Coach, Reasons: 
431937676, cusinhu, Reasons: 
342485679, AlineZanini_, Reasons: 
142811631, Javier_Chan, Reasons: 
80047627, fabiopupp, Reasons: 
2838169115, michilover123, Reasons: 
2404434415, abusodafly, Reasons: 
326478366, lorraynesempio, Reasons: 
2518321714, katyyungan7, Reasons: 
268995843, A_Francesa_Tita, Reasons: 
554555795, NCarvajalJose, Reasons: 
155307548, _gabinoites, Reasons: 
515950729, Super_Pokety, Reasons: 
17239307, utahpolitics, Reasons: 
755956951, fifthzarry, Reasons: 
2291669113, viv0ca, Reasons: 
108660824, EdinsonCSalcedo, Reasons: 
17239307, utahpolitics, Reasons: 
2768079665, _frases_y_fotos, Reasons: 
1624513464, Mantraruth, Reasons: 
601341785, ClaroTeAyuda, Reasons: 
2327541193, werner_maria, Reasons: 
603810282, EstelitaGR, Reasons: 
1566439855, Rosie__HW, Reasons: 
2688188181, Nego_Sabino, Reasons: 
488263893, onedmuggles, Reasons: 
1448618336, LohSigali, Reasons: 
2833621909, HSEQservices, Reasons: 
1563915901, whosory, Reasons: 
574683235, istrupeiostyles, Reasons: 
15658101, sudradio, Reasons: 
987455149, Nosevende_APMad, Reasons: 
571866768, loly_benedeti, Reasons: 
789535165, DonDatosCl, Reasons: 
854428861, AyurahayuW, Reasons: 
79396483, Yhonatta, Reasons: 
121790055, nanblad, Reasons: 
765739152, dondatito, Reasons: 
2400260346, contrapuntovzla, Reasons: 
845553182, syaron_P, Reasons: 
2773570108, ChitoVera, Reasons: 
20743595, geauxAWAYheaux, Reasons: 
610277041, BuscoPega_, Reasons: 
2614248572, Mari4174, Reasons: 
2202645171, Gloeduar, Reasons: 
801334309, datosyremates, Reasons: 
2276602255, AleRissoVazquez, Reasons: 
461449740, SrVenezolano, Reasons: 
2199860300, tomm0sorvete, Reasons: 
809615882, YoSeQuien_, Reasons: 
2241440766, MediaTracker10, Reasons: 
317124394, t_favilla, Reasons: 
207693699, Danycanino, Reasons: 
817942208, SoloDatos_, Reasons: 
588390430, 12_miguez, Reasons: 
89374296, Cuitlahuac61, Reasons: 
2290827949, Presa_Online_eu, Reasons: 
743439156, javibernal7, Reasons: 
1241868356, lucecitaviajera, Reasons: 
440868461, WanessaDrew, Reasons: 
2551148180, yaggoarthur, Reasons: 
298006687, MeryHustler, Reasons: 
269422813, S2_luiza_, Reasons: 
1242041738, nube_viajera3, Reasons: 
2780714349, anapaula0096, Reasons: 
1095524916, derbyguyniall, Reasons: 
2729522635, jbcuspidora, Reasons: 
1561755464, malucadobairro, Reasons: 
241723527, 5sectovamps, Reasons: 
431937676, cusinhu, Reasons: 
1596601478, luxogab, Reasons: 
405916731, Kerolen_1D, Reasons: 
1924136395, KizkiKiz, Reasons: 
2209700038, brightmahonz, Reasons: 
2729084711, _depresivegirl, Reasons: 
169722996, raafa_riibeiro, Reasons: 
314897841, Gabi_Bahr, Reasons: 
2255212196, Hernan_CocaCola, Reasons: 
1614147258, alobos87, Reasons: 
98678874, castagnolive, Reasons: 
2371820391, arrobaflybr, Reasons: 
1230964346, Ruibeck_, Reasons: 
2237735160, entrecampoyla, Reasons: 
611769296, partida_julio, Reasons: 
2753108494, onty25, Reasons: 
2827839663, MiiMalik69, Reasons: 
213071573, SoraYoungMurray, Reasons: 
139269667, Stelaaraque, Reasons: 
1241803867, Buena_Fuente1, Reasons: 
16109501, AzmatZahra, Reasons: 
40365380, Danielsinpiso, Reasons: 
284498463, jon_urrutia, Reasons: 
126727482, dopeketlyn, Reasons: 
552065405, CarvalhoDodo, Reasons: 
123078063, xauxis, Reasons: 
2865729456, LiamCabreado, Reasons: 
2545165787, AnaSanFernan, Reasons: 
2385705996, asista333, Reasons: 
195858126, HuicocheaAlanis, Reasons: 
559064821, YaritzaB_, Reasons: 
405112180, HashTagOnions, Reasons: 
2417997504, gabolo47, Reasons: 
235349318, angsimpa, Reasons: 
2547963284, DamaBahr, Reasons: 
2398258320, miska1195, Reasons: 
2786048007, machocien14, Reasons: 
217482657, UtahDataPoints, Reasons: 
1128230336, Ghin2809, Reasons: 
2426960802, _BaltimoreJobs_, Reasons: 
2426960802, _BaltimoreJobs_, Reasons: 
311174365, oh_alves, Reasons: 
1527810697, itsbeliebersz, Reasons: 
1564466118, KortahAna, Reasons: 
2426960802, _BaltimoreJobs_, Reasons: 
296402693, Lucasf_d, Reasons: 
2328078134, VoteDougOwens, Reasons: 
1308098972, GeneDHoran, Reasons: 
2652041905, ProstitutadaAri, Reasons: 
400816608, AdrielyLopes04, Reasons: 
2378114234, mananaodeita, Reasons: 
518599369, MasterDesu_, Reasons: 
2347572446, flopadavril, Reasons: 
2371782991, fshnboys13, Reasons: 
2371782991, fshnboys13, Reasons: 
2688532932, Gnomonay, Reasons: 
2573706007, Iluminxti, Reasons: 
815882570, highcaldas, Reasons: 
2770278414, mafiameyniel, Reasons: 
1241621737, Ricast_lopez, Reasons: 
1777849632, AdrianPeereyra, Reasons: 
259801383, 7Xiang7, Reasons: 
1241604079, cris_8012, Reasons: 
134473066, bellyAM_, Reasons: 
431937676, cusinhu, Reasons: 
115184837, danisolg, Reasons: 
814465693, JacimaryD, Reasons: 
45169211, iQueDor, Reasons: 
2199860300, tomm0sorvete, Reasons: 
149349822, marcrodrig, Reasons: 
8732322, standupkid, Reasons: 
105689376, alejandrapareds, Reasons: 
1241572165, Leo_Garciz, Reasons: 
113765032, WalkenesLagares, Reasons: 
122736262, MMARIAALICIA, Reasons: 
2398294122, jrarratia, Reasons: 
1280980772, Zaynutio, Reasons: 
150121263, mbelencarrera, Reasons: 
557612637, ce_nord, Reasons: 
408690733, SabiasQueCCC, Reasons: 
99072673, eliecerhf, Reasons: 
1317387768, LSevaOldKlan, Reasons: 
1629107010, Leilane_isabel, Reasons: 
459598092, Marcogar7, Reasons: 
106205524, yoli_tarancon, Reasons: 
127977412, Zapotecas, Reasons: 
154877764, BARAKA_PIZZA, Reasons: 
178853020, ViickyBarresi, Reasons: 
434943363, EUGEPEKE2012, Reasons: 
2194135427, mahonemendigo, Reasons: 
279547892, enfanaleao, Reasons: 
134373705, didotortorelli, Reasons: 
404396901, its_errc, Reasons: 
1029893228, Martinezconese, Reasons: 
2564306310, Jooel_16, Reasons: 
2364839116, flypossuido, Reasons: 
1241551346, Estudio_26, Reasons: 
2203017982, carlaplazaf, Reasons: 
1552234154, na11ka26ji, Reasons: 
36599778, rcavada, Reasons: 
75077357, _sergio_araya_, Reasons: 
1287407394, haiquecoelho, Reasons: 
246767805, WBPictures_Ar, Reasons: 
62523849, johnnymarxx, Reasons: 
1230979128, TanSoloUnInstan, Reasons: 
614922364, iQuebebee, Reasons: 
119104949, Pasevlop, Reasons: 
2199855907, TamaraGalindez, Reasons: 
726991687, mentesonriente, Reasons: 
255103144, paolita620, Reasons: 
2236099771, 18Meiji, Reasons: 
991221098, imyourharry, Reasons: 
1230923640, tripto_coco, Reasons: 
2523095784, NoSomosLatinos, Reasons: 
1230919646, blanca_esthela3, Reasons: 
1230879390, Llano_Verde35, Reasons: 
741173724, vodkaforlouis, Reasons: 
1230869406, luis_ma35, Reasons: 
389147504, Toff_99, Reasons: 
1230872395, Pura_Vid, Reasons: 
2339316144, AupaAlba_Onda, Reasons: 
103136464, lizzv_, Reasons: 
2155517497, AxelyNadie, Reasons: 
304123907, alarcaba_32, Reasons: 
1230793268, remedio_casero1, Reasons: 
354528492, DanaBarbozaa, Reasons: 
36083564, autmnleavs, Reasons: 
2645575760, tayl0rlover, Reasons: 
1230741398, ramiro_250, Reasons: 
2573706007, Iluminxti, Reasons: 
1230648865, obie_5, Reasons: 
2377647103, ZQPNoticias, Reasons: 
273547618, glouzada_, Reasons: 
1241915348, Camila_fanmor, Reasons: 
1439688066, SonCochazos, Reasons: 
2740704632, BrunaFlamia, Reasons: 
263938872, dioguloso, Reasons: 
1561755464, malucadobairro, Reasons: 
2209178173, Caai_fora, Reasons: 
2732809904, WRPjoker, Reasons: 
607196321, RealJhonatan_, Reasons: 
731369858, OjodeAguilaORG, Reasons: 
1241938730, zodiacodeamor, Reasons: 
2786048007, machocien14, Reasons: 
2597687162, McDonaldsSalera, Reasons: 
2593084198, danyel_hecth, Reasons: 
458767877, Lucky_Keshi, Reasons: 
859989000, DiamondOfBieber, Reasons: 
593656790, Leo_ManzanoN, Reasons: 
716066487, LaTevaVida, Reasons: 
1581426192, tatitakruz31, Reasons: 
2808561031, komaryo1, Reasons: 
543936405, ___lovei, Reasons: 
424353268, lovmymonkey, Reasons: 
546609524, MMahsunBilgin1, Reasons: 
2645181, pabloserrano, Reasons: 
158344503, MCiencia, Reasons: 
259374299, redtlaquepaque, Reasons: 
1237241418, sma_t0711, Reasons: 
183664445, puranoticia, Reasons: 
2814677026, soychanulgOk, Reasons: 
146952265, elfrentonnp, Reasons: 
731525070, youngiufavorite, Reasons: 
620523874, ManolitodeNoe, Reasons: 
216772625, retonta_, Reasons: 
803648882, explicitmrc, Reasons: 
2839266267, Pqpinkprinces, Reasons: 
1306453578, Soy_Su_Beba, Reasons: 
43408479, CentriKid, Reasons: 
2814677026, soychanulgOk, Reasons: 
2833924031, Beliebersdrew4, Reasons: 
17239307, utahpolitics, Reasons: 
554471151, DannyMetal8, Reasons: 
1276218415, owbrancazeda, Reasons: 
67729955, _infinitu, Reasons: 
1205052176, FlaviaPinheiiro, Reasons: 
2249990590, moony1_7, Reasons: 
48766297, Floare_de_colt1, Reasons: 
234852974, SecTecOax, Reasons: 
1345799898, rolisbe, Reasons: 
2239533840, fuckmecaroline, Reasons: 
1241821538, NatSinApellido, Reasons: 
1036102891, NachiiGc, Reasons: 
248243391, geeorgiaf, Reasons: 
231985457, ToksMx, Reasons: 
304986978, D_Lorenzi, Reasons: 
945469520, sedefirmak, Reasons: 
805237610, Cristian_Happii, Reasons: 
70484547, guguironico, Reasons: 
527503217, faiithfully, Reasons: 
462187331, eoor_Suyane, Reasons: 
288495066, palomakmuniz, Reasons: 
2302205954, niggadorsey, Reasons: 
2420840406, LarryLangille, Reasons: 
2728134981, jeesandrecarva, Reasons: 
2196536761, RonaldooFreire, Reasons: 
501608027, PutoPedroMc, Reasons: 
2439271284, Buzznet_, Reasons: 
2281876745, paulaaquinteero, Reasons: 
48055774, billyhesterman, Reasons: 
1173734173, Ryan_Curtis92, Reasons: 
629820122, juanSayanesQ22, Reasons: 
577980925, jenni_cefee, Reasons: 
1264515414, AntiKomentar, Reasons: 
243602935, LSEdiversity, Reasons: 
2784337686, finbipartidismo, Reasons: 
88790858, Alexi_mar, Reasons: 
500869643, Rafawgonzalez, Reasons: 
2700360639, CallMeTigre, Reasons: 
709351339, anistonelliars, Reasons: 
1974986550, Soniabc_98, Reasons: 
2316400561, furbyrosa, Reasons: 
1713324218, otiApe, Reasons: 
122736262, MMARIAALICIA, Reasons: 
1927943772, BravoLuidina, Reasons: 
536428509, activist_hat, Reasons: 
759711366, javier65932247, Reasons: 
611937154, valelabourdette, Reasons: 
2456998368, eudoarda, Reasons: 
1382987024, haimbugger, Reasons: 
2231660846, marty_pato, Reasons: 
56544103, AiCaracaJulia, Reasons: 
304986978, D_Lorenzi, Reasons: 
400036477, Maulangoo, Reasons: 
1355886308, Marcomendez46, Reasons: 
1135597453, MeriConsolas, Reasons: 
115081859, coejenni, Reasons: 
2356656330, WriteAppStories, Reasons: 
188871752, nathyvazole, Reasons: 
192929579, marisinxo, Reasons: 
28560884, tmj_cae_retail, Reasons: 
2289009710, apuloo, Reasons: 
161100382, cclementina, Reasons: 
2172783601, enlarayave, Reasons: 
2352313806, DanielBinn, Reasons: 
103136464, lizzv_, Reasons: 
803417018, AleexMartiin8, Reasons: 
107454447, proteccion, Reasons: 
290244186, Nathykka, Reasons: 
146387212, dsenabre, Reasons: 
2844416332, GirandRust07653, Reasons: 
339892791, Auriannyclp_, Reasons: 
327401364, Irene_pl92, Reasons: 
1571678347, LucasOviedo05, Reasons: 
85007969, matheusbibi, Reasons: 
624562411, ekaitzpery, Reasons: 
254608948, AntojoAraguaney, Reasons: 
305017061, Posventa_info, Reasons: 
58262890, poliva79, Reasons: 
761887099, DiegoLerida_97, Reasons: 
2358388919, Marigarciac96, Reasons: 
1681045076, larrymetidos, Reasons: 
273186191, maruzamj, Reasons: 
1956587546, flalarinha, Reasons: 
84104493, GabrielaTralli, Reasons: 
1198848500, Debss_1D, Reasons: 
226291770, antonias4, Reasons: 
621308443, valebarath, Reasons: 
386567292, larrybixa, Reasons: 
1556961420, silv_morales21, Reasons: 
302259997, RiR_96, Reasons: 
2199860300, tomm0sorvete, Reasons: 
16993251, gretchenatwood, Reasons: 
1538926764, DaniGarcia_97, Reasons: 
176054475, aitoryuste, Reasons: 
297762543, HotChocolate_5, Reasons: 
172118015, yoha498, Reasons: 
923367768, unpibemaligno, Reasons: 
469472952, solainerz, Reasons: 
2800730794, PrensaCuba_Ven, Reasons: 
386650305, 93preta, Reasons: 
2249990590, moony1_7, Reasons: 
2846883322, adrianzkaz, Reasons: 
561477208, trisfaqueada, Reasons: 
1604796830, LihVish, Reasons: 
160295151, Joaquimguerreir, Reasons: 
288277249, Radio_Artemisa, Reasons: 
27438166, Catahi, Reasons: 
203657768, lorraynebarc, Reasons: 
2878337353, StotQ, Reasons: 
128431366, caapatta, Reasons: 
1877321450, Abreu11Santoos, Reasons: 
2148915136, louisbacks, Reasons: 
1054076641, victudo, Reasons: 
1154267448, jartometienen, Reasons: 
227001631, sawseegirl, Reasons: 
223653208, anikaisla, Reasons: 
344148650, steniomontes, Reasons: 
490739592, zori_85, Reasons: 
482196118, _brazilianidiot, Reasons: 
2650593600, MilarCaslesa, Reasons: 
2743411635, Kaabanaa, Reasons: 
166306443, marrilionlol, Reasons: 
2239394287, nh0xsockag9x, Reasons: 
2291324448, Lobo_marino1537, Reasons: 
78725061, playtech_ro, Reasons: 
1181726617, adlmdz, Reasons: 
617373913, william09076133, Reasons: 
175413822, Oscaar75, Reasons: 
541892389, AntaresVazAla, Reasons: 
356480429, frandruziuk, Reasons: 
1887643663, Nicolesales17, Reasons: 
578461638, prinjuju, Reasons: 
225988087, Alesscasaroli, Reasons: 
233268073, AhmadToguila, Reasons: 
2505329396, jdomfttwins, Reasons: 
974366108, diegoqim, Reasons: 
2331157791, Psychopath1D, Reasons: 
475232963, cabitenn, Reasons: 
17984870, PickettPR, Reasons: 
251308749, OhCyrusLesbian, Reasons: 
270414413, txope7, Reasons: 
556821800, Agroterritori, Reasons: 
2826588861, RthyneLaural, Reasons: 
258982669, Carolgaray_, Reasons: 
408044782, lrivast, Reasons: 
392099052, afrogirl_btchs, Reasons: 
575343577, reyleon1962, Reasons: 
2531671859, LuisaPlanner, Reasons: 
177302536, di_dipinheiro, Reasons: 
2835373918, RfkayCham, Reasons: 
29464732, dulcedianita, Reasons: 
2199860300, tomm0sorvete, Reasons: 
604189653, maulenvallejos, Reasons: 
925807597, truelovemeyniel, Reasons: 
567390047, Aniinhaoliveera, Reasons: 
375681358, evamartinez09, Reasons: 
1007342755, OCNYnews, Reasons: 
175157257, demarcest, Reasons: 
67474898, bolodewhey, Reasons: 
379947539, OEdsonPatrick, Reasons: 
516644550, Verodiazfranchi, Reasons: 
822519907, SamElko, Reasons: 
217489305, Feel_Sound, Reasons: 
1945088052, ola_anacarol, Reasons: 
788309414, SamantaGrullon, Reasons: 
2395226834, IsabelaFenili, Reasons: 
91404070, LaRedTV, Reasons: 
205067173, IvanBrackert, Reasons: 
2803217990, Guillermo_1903, Reasons: 
106197516, kronosmx, Reasons: 
110971914, jmariguillot, Reasons: 
365483008, chiho1230, Reasons: 
392673173, mananeroslared, Reasons: 
108660824, EdinsonCSalcedo, Reasons: 
1262849131, SoyCindyOK, Reasons: 
435220428, lolyeah_, Reasons: 
312368629, pajaboo_, Reasons: 
518646310, SugarcubeDog, Reasons: 
217482657, UtahDataPoints, Reasons: 
1476050784, jbfuckeer, Reasons: 
446687734, stephaniereuber, Reasons: 
1213596949, MarioRic0, Reasons: 
455867050, CosminTita, Reasons: 
76787482, alexvc_, Reasons: 
535588891, Juancheu, Reasons: 
480765225, Njr_JottaaJus, Reasons: 
558058830, CGuillemBernal, Reasons: 
2314340178, bruna_2112, Reasons: 
2450418498, almitadlrio, Reasons: 
109777979, Felipeandressm, Reasons: 
923367768, unpibemaligno, Reasons: 
20204051, PubliusDB, Reasons: 
1197389280, Caarlita21, Reasons: 
106492649, patrirockera, Reasons: 
17239307, utahpolitics, Reasons: 
2842342035, moderanay20, Reasons: 
1257796501, davidmb99, Reasons: 
102142822, gej0r, Reasons: 
635787702, amaranto113, Reasons: 
280879356, nacholannister, Reasons: 
1661698435, LuliRicoo, Reasons: 
2670441535, MaverikCareers, Reasons: 
185428963, UlysesOrihuela, Reasons: 
752323003, LuisTorres225, Reasons: 
2287185347, SoloqTayllor, Reasons: 
1583767789, coleealves, Reasons: 
1578840853, Costajubs, Reasons: 
793476523, ayuniadinda_, Reasons: 
289918074, josepaulinodr, Reasons: 
214649213, mmgcao, Reasons: 
334303363, PdelosC, Reasons: 
2773094729, putinho96, Reasons: 
1023493350, BlueDethuong, Reasons: 
981228132, valemora21, Reasons: 
153168750, SavinBeats, Reasons: 
76804043, LucassBarceloss, Reasons: 
200795375, EuforiaMall, Reasons: 
1851113262, linhlinhlulu177, Reasons: 
2785273547, cindi_aleizati5, Reasons: 
430083461, alarcSer, Reasons: 
436044733, MariaCeballosM, Reasons: 
62426768, desireefi, Reasons: 
2310190072, Fs23Jose, Reasons: 
2406785748, roadnowky, Reasons: 
271768716, mariuponce, Reasons: 
2234675228, EnmaZP23, Reasons: 
1632118136, BebeJfs, Reasons: 
2786496959, ARCStrategy, Reasons: 
331308753, mamencin, Reasons: 
435914967, aboutyoubey, Reasons: 
1228451593, Go_Kidrauhl, Reasons: 
2651694043, SaraMatias180, Reasons: 
439357836, larryestocolmo, Reasons: 
1319053812, mileyfcxrus, Reasons: 
2758739890, erickduarte696, Reasons: 
2735497346, Az09Kauane, Reasons: 
47005948, Tamibutterfly, Reasons: 
1403141077, luisma87cuba, Reasons: 
2809975152, SraWatersICHS, Reasons: 
2513460271, All_Jobs_, Reasons: 
2349561085, Luhuerta10, Reasons: 
291925166, isaaneto, Reasons: 
728450874, martakaponi_, Reasons: 
1685942456, sckursulla, Reasons: 
89721466, tonsmidgetcake, Reasons: 
2332793219, yetpaulo, Reasons: 
2147994416, ervasdoaustin, Reasons: 
126402848, GraceNxo_, Reasons: 
1490313132, pequeb00m, Reasons: 
592428345, FacuSganga, Reasons: 
83931252, MaaHVicK, Reasons: 
2787152493, JRPKai, Reasons: 
1467925026, hejkajustin, Reasons: 
400282367, lorraynnetb, Reasons: 
154155499, SantyGarcia5, Reasons: 
479748899, javier_heras1, Reasons: 
307577710, KillerMartinis, Reasons: 
231454223, Aytha_Fucker, Reasons: 
1059069031, asadchicken, Reasons: 
1708005846, Fernandoo22_, Reasons: 
617373913, william09076133, Reasons: 
63571480, whtspll, Reasons: 
147636582, RociioSeviilla, Reasons: 
994827780, FdezMyriam, Reasons: 
1633671187, endmts, Reasons: 
2839479627, luuhmendesc, Reasons: 
203535431, cancunapaj, Reasons: 
1716817081, graciparedes7, Reasons: 
2684468457, guerreirovivica, Reasons: default, 
2581119546, breathtaehyung, Reasons: 
2690748997, GiirlWalker_, Reasons: default, 
2501511348, olgun034, Reasons: no description, 
607196321, RealJhonatan_, Reasons: 
118507192, FMFX, Reasons: 
105269181, DIEGIN17, Reasons: default, 
2147994416, ervasdoaustin, Reasons: 
595016751, TiiNiiTa19, Reasons: 
2809871198, larastefani_, Reasons: no description, 
705877321, AlexPalmera23, Reasons: default, 
365840196, beymacedo, Reasons: 
468045572, codina_91, Reasons: default, 
2308776566, j_gomez73, Reasons: default, 
2155979952, tisidro86, Reasons: default, 
1617828878, Lynetta_1373, Reasons: 
788229972, louisurvive, Reasons: 
2727240322, lorrandieego, Reasons: default, 
1518120974, timeisnow13, Reasons: default, 
2199860300, tomm0sorvete, Reasons: 
2257216716, sumarna_cece, Reasons: default, 
151526693, smirnov7, Reasons: 
36599778, rcavada, Reasons: 
1138743716, its_clari, Reasons: 
295051845, pzrtsiuss, Reasons: no description, 
2434276622, modesignacademy, Reasons: 
2310574568, babusia13, Reasons: egghead, few followers, 
2828133569, NotiVzlaCom, Reasons: 
2435203842, Gaby_Davilaa, Reasons: 
2294697672, Nickulais, Reasons: 
1186030598, myocakia, Reasons: no description, 
189381415, Andhrezzz, Reasons: no description, 
2829124111, SebasQ05, Reasons: 
595619618, need_free, Reasons: 
17092437, misterafilador, Reasons: 
304160146, Celrecalde, Reasons: no description, 
500939220, birinciaa, Reasons: no description, 
51257183, delf_ass, Reasons: 
960619586, lolaortg9, Reasons: 
40595307, iam_pino, Reasons: 
2566350521, ViviSooares66, Reasons: default, 
101274503, clbdf, Reasons: max followings, 
2199860300, tomm0sorvete, Reasons: 
2524714182, MicroclimaticR, Reasons: few followers, 
132633225, Ximitl, Reasons: 
1606274192, patyaguilarv, Reasons: 
187349490, wckdslytherin, Reasons: 
2722877337, giugodoy, Reasons: default, 
1633748851, xmilletendresse, Reasons: 
102449575, Angie_Irene, Reasons: 
2842235711, ximenamerlos, Reasons: 
1640533591, elisabethdeab, Reasons: default, 
285984805, BenicioBarrios, Reasons: no description, 
210431428, metalmelambai, Reasons: 
473508169, Ole_Salamank, Reasons: 
457511409, hopezaynsmile, Reasons: 
597848041, SandyGrebin_, Reasons: 
101274503, clbdf, Reasons: max followings, max followings, 
870555745, ldgmaria, Reasons: default, 
2776787175, foryougill, Reasons: default, 
1291770157, Nettaaaaaaaa, Reasons: 
1405885855, POBRE__LOCO, Reasons: default, 
95408999, alexmorelli1972, Reasons: 
1978745815, jsuisunedz, Reasons: no description, 
91906427, mislolas, Reasons: default, 
581988376, lorenrauregui, Reasons: 
2758739890, erickduarte696, Reasons: default, 
67792576, HaroldgustavoA, Reasons: 
153980267, AriVillarrealM, Reasons: 
2229260742, mayu11181126, Reasons: 
84922543, marinapalmaa, Reasons: 
2400023952, Forus_Segovia, Reasons: 
890968176, gorkano8, Reasons: default, 
469853855, wantstewart, Reasons: 
61938659, Catitalinda__, Reasons: 
357035084, Cmarcela01, Reasons: 
1537292906, mycontigo_ro, Reasons: default, 
2194760965, PaisajeHistoria, Reasons: 
449971639, prsmbius, Reasons: no description, 
316508103, marcosgoncalvs, Reasons: 
2505546259, twdobrien, Reasons: 
1023493350, BlueDethuong, Reasons: 
2518425972, half4narry, Reasons: 
355223080, ifeat1D, Reasons: 
2293396061, Domella_, Reasons: 
487862830, MariaEncinas15, Reasons: 
2727240322, lorrandieego, Reasons: default, default, 
2199860300, tomm0sorvete, Reasons: 
274210282, 33Monteiro, Reasons: 
868416374, stopmullingar, Reasons: no description, 
2826912524, andreanlobo, Reasons: 
337005543, WCGHS, Reasons: default, 
182131214, mjperales, Reasons: 
243764855, BisbalSTSureste, Reasons: 
479059577, icymindm, Reasons: 
450731690, harrybitchrs, Reasons: 
2831162549, gaby_balestrero, Reasons: no description, 
517708599, myeylulia, Reasons: no description, 
620348354, DemOnori, Reasons: default, no description, 
332293936, bambiaward, Reasons: no description, 
1076858556, RezizteK6, Reasons: 
925006448, honeymilktae, Reasons: 
1887643663, Nicolesales17, Reasons: 
537832397, Goonzaasancheez, Reasons: 
626576500, Francisco_778, Reasons: egghead, 
1195015134, myekimia, Reasons: no description, 
2199860300, tomm0sorvete, Reasons: 
2818022434, BritneySchot, Reasons: default, 
189708513, medicengonzaa, Reasons: 
1061569441, MiljanaM1, Reasons: 
1570538083, Maritxu330, Reasons: 
509066626, mykasimia, Reasons: no description, 
553100666, mele_hh, Reasons: default, no description, 
247824054, Camila_remus, Reasons: 
1251595537, khalezone, Reasons: 
2727832807, 20F0DER_, Reasons: 
96026788, vominhhung1980, Reasons: default, egghead, no description, 
2815589704, DonCuauhtemoc, Reasons: 
1665098178, lunazoc, Reasons: default, 
806893416, voceatimisului, Reasons: 
502905618, myaralikia, Reasons: no description, 
138875477, Adriel_Torres, Reasons: 
17239307, utahpolitics, Reasons: default, 
604570622, NguynTBchPhng, Reasons: default, egghead, no description, 
1664819029, RabelloRichard, Reasons: 
1574582341, fiftheros, Reasons: 
1611161912, VaazAle, Reasons: 
2528049439, TheOthersReport, Reasons: 
2873482662, jbsafada, Reasons: default, 
143235543, singouleidi, Reasons: 
103624733, DopeItsMillz, Reasons: 
2367302756, dallasfuckingz, Reasons: 
843356857, kuu_0925, Reasons: 
2199860300, tomm0sorvete, Reasons: 
2700899454, Deals_t45s, Reasons: default, no description, 
355223080, ifeat1D, Reasons: 
305678016, kleymar19, Reasons: 
379888055, _LittleKay, Reasons: 
433709922, EmmaEahe, Reasons: default, no description, 
323074518, fikrywijaya, Reasons: 
215468671, soficortesS2, Reasons: 
2221952558, VichyChile, Reasons: 
232916232, FranPardo_, Reasons: 
328623179, carebear2717, Reasons: 
1422104084, bisgabi, Reasons: 
792304286, Blesuky15, Reasons: 
2263189428, JokerLeCat, Reasons: 
316400883, JaviGuetta, Reasons: 
480514431, BecauseImSadxx, Reasons: 
401998774, UNODELGOLSUR, Reasons: no description, 
2842709145, kopenhagen212, Reasons: default, no description, few followers, 
2501355061, LovessMahone, Reasons: 
487692353, jeuneetbelle25, Reasons: 
1947590394, lovahomie, Reasons: 
2765590101, jlvaldiviezog, Reasons: default, 
1660653973, mandybenedet, Reasons: 
2758101243, ANous2HL, Reasons: default, 
87829779, s_luma, Reasons: 
1623484128, Hey_Evelim, Reasons: 
2371037315, _crazyforjerry, Reasons: max followings, 
24418143, nicjain, Reasons: 
116841782, UnitePink, Reasons: 
923367768, unpibemaligno, Reasons: 
2701135544, Deals_62jsx, Reasons: default, no description, 
2419196359, carmenestebanp, Reasons: 
59627353, Bali_Ord, Reasons: 
1633136412, CartaSantana_, Reasons: 
264452507, pussyvats, Reasons: 
2872891956, BcbBarry, Reasons: default, no description, few followers, 
333513494, S4brin4Lim4, Reasons: 
514819319, JLacabrera, Reasons: 
1932664369, opsasah, Reasons: 
725575507, NocturneAeros, Reasons: 
2151263559, MissguessNancy, Reasons: default, 
2734175878, Liam_ozado, Reasons: 
63046629, cnnamador, Reasons: 
2211587406, OmarSebastiani, Reasons: default, no description, 
2269816342, brunovicente46, Reasons: default, 
359497321, Belen_marta, Reasons: no description, 
1580633581, LsMahBoulaah, Reasons: 
221114807, jublandia, Reasons: 
1483131306, Sweelvie, Reasons: 
2844617027, laurenjfreak, Reasons: default, no description, 
2471566633, Monalisaaaw, Reasons: 
357756396, ponnysalvaje4, Reasons: default, 
95431587, viky_1o, Reasons: 
337799872, abelnaveira, Reasons: default, 
87474402, DDONGKIKOO, Reasons: 
215778523, victoraguila, Reasons: 
288576961, freddycaje1912, Reasons: 
2826644751, tvKsingsleyLecl, Reasons: default, no description, 
1902537799, UrbnConservativ, Reasons: 
179615588, AtunConMayonesa, Reasons: 
1566196334, CarouMorreu, Reasons: 
267324615, ljaviersc, Reasons: 
467296150, lauragf91, Reasons: 
2845619019, gabriela2709965, Reasons: default, no description, 
26807988, neluttu, Reasons: default, 
2199860300, tomm0sorvete, Reasons: 
2818022434, BritneySchot, Reasons: default, default, 
508075843, DeboRoldanOk, Reasons: 
714848048, timberlakehita, Reasons: 
237708288, Antena1, Reasons: 
2257150742, cameronhaley54, Reasons: default, no description, 
931497630, AAziemah_, Reasons: 
1521860586, lovemycrush99, Reasons: 
1355062008, casiangeles5tem, Reasons: max followings, 
187977701, ShesWenn, Reasons: 
103283886, kjnsmom, Reasons: 
402295897, ElLoftCarrie, Reasons: 
236935433, chsanjose, Reasons: 
184094445, alexuzu, Reasons: no description, 
34802820, irioalvez, Reasons: 
72401648, thesssia, Reasons: 
87572312, Ninamita, Reasons: 
1383400250, LuichiRamos, Reasons: 
266899136, karlosedusm_, Reasons: 
1941311310, lk_lsr, Reasons: no description, 
53415136, _10thAmendment, Reasons: 
270487539, ArtanisD, Reasons: 
261001574, TiagoR_M, Reasons: 
454107661, th3dr3amcatch3r, Reasons: 
163616715, Vegue77, Reasons: no description, 
899750628, raulhandsate, Reasons: default, 
2680723813, Great_Deal_691, Reasons: default, no description, 
45888141, CJStarchild, Reasons: 
17984870, PickettPR, Reasons: 
57246016, dremaciel, Reasons: 
251627765, kkondik, Reasons: 
113413385, Doritos_Mx, Reasons: 
2845575419, olipredero, Reasons: default, 
1023493350, BlueDethuong, Reasons: 
186223713, lucaas_te, Reasons: 
1952102305, luisitoherenu07, Reasons: 
1621865718, SantiiCasco, Reasons: 
462561264, LisiAlonso1, Reasons: no description, 
2178860119, vbia_, Reasons: 
567255718, Violeta_mee, Reasons: 
392955921, Edson_Fernaande, Reasons: 
152469611, _guizzo, Reasons: 
2199860300, tomm0sorvete, Reasons: 
2461962151, LINABEANCOUR, Reasons: default, 
2180811092, _Vingada7x, Reasons: 
205452984, SantanderMx, Reasons: 
461012400, isra_ba94, Reasons: 
169188895, radams3736, Reasons: default, no description, 
245420553, Pablowmendes, Reasons: 
2796558462, stereokickerbr, Reasons: 
2604831065, posteyeol, Reasons: 
398798716, KERLYHENRIQUEZC, Reasons: 
40864717, Lady_A_wbooks, Reasons: 
170589563, _gstalin, Reasons: default, 
406512189, yespequena_, Reasons: 
192929579, marisinxo, Reasons: default, 
201856566, hinckleyinst, Reasons: 
64335717, LittlePieces_, Reasons: 
727439672, SabriCamacho, Reasons: 
619456360, onifur96, Reasons: 
241947916, luanapsouza, Reasons: 
83877098, jeusga, Reasons: 
201856566, hinckleyinst, Reasons: 
78741871, MichelleLps3, Reasons: 
2797217795, ChelseaKassin, Reasons: 
1931533848, iLizguerra, Reasons: 
2749182528, sluna1126, Reasons: default, 
101024824, MatheusinMelo, Reasons: 
618360124, Ylenialuna, Reasons: default, 
85439041, JorgeD_K, Reasons: 
48085547, ninaavancini, Reasons: no description, 
2199860300, tomm0sorvete, Reasons: 
2302205954, niggadorsey, Reasons: 
2746505290, Asteroroide, Reasons: default, no description, 
989765443, RubenXplosive, Reasons: no description, 
911833231, noelbandera, Reasons: default, 
2731744517, jhwansh, Reasons: 
923367768, unpibemaligno, Reasons: 
412700842, TorressWife, Reasons: 
1854353209, TheFlaShHd, Reasons: default, no description, 
1322069881, _soloAnn, Reasons: 
2345631451, IsKattycb, Reasons: 
2161457180, CammiBarrera, Reasons: 
438471070, dallazzbae, Reasons: 
1285995343, dreamer_leyre, Reasons: 
2518425972, half4narry, Reasons: 
609233597, CityofUtica, Reasons: default, 
2650593600, MilarCaslesa, Reasons: 
2418938642, PanemEscoteira, Reasons: 
2817058639, rafaelaf_13, Reasons: no description, 
429267712, LuluLangella, Reasons: 
1599235856, NuriaaSaancheez, Reasons: 
33508185, lvaillard, Reasons: 
153540891, luexoluv, Reasons: 
2687868912, RCocinillas, Reasons: default, 
2361143921, Kfetele, Reasons: default, no description, 
360864419, appealsxy, Reasons: 
151952526, SoyAlejandraa, Reasons: 
231272300, constanzamaceda, Reasons: 
288021215, EstamosdePlan, Reasons: 
128676712, gttabegomez, Reasons: 
522656952, josemarmolejov, Reasons: default, 
2199860300, tomm0sorvete, Reasons: 
1291770157, Nettaaaaaaaa, Reasons: 
2700659029, Deals_54d993, Reasons: default, no description, 
386751771, alittleRachello, Reasons: 
73329964, LilienSixx, Reasons: 
703461318, SOPHIEMAGALI, Reasons: 
25545221, MsMusiclover, Reasons: 
791765947, awhmymaalik, Reasons: 
286150072, Zolredfox, Reasons: default, 
1511648965, bunaziuavaslui, Reasons: default, 
270652191, NoliveAboke, Reasons: 
102449575, Angie_Irene, Reasons: 
2700659029, Deals_54d993, Reasons: default, no description, default, no description, 
595913726, AgosNejamkin, Reasons: 
1635469764, Julito_Ramos99, Reasons: 
1668149395, Laura12FM, Reasons: 
2458625252, LMFDTW, Reasons: default, 
302918344, MerceFMJ, Reasons: 
2616089889, flysagem, Reasons: 
115875740, basloundo, Reasons: no description, 
920758134, farmatornero, Reasons: 
2448371500, analohha, Reasons: 
18948337, BaldwinAR, Reasons: 
278151532, barbarita4life, Reasons: default, 
288356235, negodalajii, Reasons: 
213908267, juliendefrance, Reasons: 
2326962582, ZINATIONAL, Reasons: default, 
2458934468, Almaa_gemela, Reasons: 
384104906, verguenzajenna, Reasons: 
2518321714, katyyungan7, Reasons: 
1496212820, 4nnak, Reasons: 
747789476, eigoeigo000, Reasons: default, 
240275130, palibrio, Reasons: 
206964235, _theiron, Reasons: default, 
374551239, LaQeNo_TeXiinga, Reasons: 
471298327, uli__bostero, Reasons: 
2199860300, tomm0sorvete, Reasons: 
1262389585, luanssilva27, Reasons: default, 
1400777215, jezro001, Reasons: 
69012004, Blogs_Android, Reasons: 
151514912, TVNotasmx, Reasons: 
226332707, DavidVelduque, Reasons: 
517657394, WiRun21, Reasons: default, 
238797395, TomasAlbaOK, Reasons: 
172920685, twitcamis, Reasons: 
1193797267, PaolaSainzz, Reasons: 
741724687, _luiskrillex, Reasons: 
30539711, AndreiCismaru, Reasons: 
1670495244, DxxxRoludo, Reasons: 
280671566, Tupperware_VE, Reasons: 
1734934483, Info__Us, Reasons: default, 
380690781, angeloc1987, Reasons: default, 
961154298, JenniSantiagoOk, Reasons: 
2372532398, harrylimites, Reasons: 
414024228, Maaarcia1, Reasons: 
1693838238, Cogumeladele, Reasons: 
2867441227, id_camila27, Reasons: default, 
410613633, ToThienKy, Reasons: 
2792169940, BianczB, Reasons: 
2317437181, UandiMills, Reasons: 
2432558803, VirginAnal, Reasons: 
323627386, Imortallica, Reasons: 
1423655694, hellostylez, Reasons: 
87572312, Ninamita, Reasons: 
1485408667, ohgrantplz, Reasons: 
539424398, Isispamela_, Reasons: 
596382362, AutoresTagus, Reasons: 
2785355615, phx_recruiter, Reasons: default, 
446491818, orapmagon, Reasons: 
1570649462, adioslarie, Reasons: 
50499909, ruben_munoz, Reasons: 
554554750, romanvega5, Reasons: 
1551709052, cabral_corina, Reasons: 
425327995, TatirGarcia_13, Reasons: 
885625836, ValentinaG30, Reasons: no description, 
2240835333, tromp_janice, Reasons: 
929096430, Whatsapparaguay, Reasons: default, 
272668661, carlimelimar, Reasons: 
139419713, _Gonzal0, Reasons: 
2658115652, DooJoonSh, Reasons: 
121297324, diossipuede, Reasons: 
1269542198, _joao_vitorr, Reasons: 
101087339, Favoretoz, Reasons: 
439068446, hien9xVn, Reasons: no description, 
2199860300, tomm0sorvete, Reasons: 
1708447506, stimer_karol, Reasons: no description, 
1286060402, _z0615, Reasons: default, 
923808920, NoemiBenitezG5, Reasons: no description, 
1970188705, LaIndustriaCix, Reasons: 
282526910, afdanilu, Reasons: 
2538162070, ZIAMagas, Reasons: 
61622338, melissita1204, Reasons: 
1319386842, pazpantri, Reasons: 
2878129795, aCasmitAmling, Reasons: default, no description, few followers, 
2649935520, thuanysemh, Reasons: 
1951907696, AndjelaStyles4, Reasons: 
2199860300, tomm0sorvete, Reasons: 
2768189059, mlaurel81, Reasons: default, no description, few followers, 
290006445, CCCPatri, Reasons: 
2727559114, elieibis13, Reasons: 
710866852, wizards_magicES, Reasons: 
2470158200, Rafael_laya2, Reasons: 
293243965, fernanda_qfoi, Reasons: 
1960993183, weiirdlady, Reasons: 
65220899, AlguienEsVictor, Reasons: 
15861009, Odametal, Reasons: 
287099193, JesseTokyo, Reasons: 
1283764070, RoxannePOKCAHH, Reasons: 
1620378786, IIvansuarezs, Reasons: default, 
920618172, blues_iqbal, Reasons: 
447383173, FerAcvLu, Reasons: 
1112788572, baahmorelli, Reasons: 
1069031065, HueloACuero, Reasons: 
92798970, math_gz, Reasons: 
256332561, experledge, Reasons: 
67208503, KidKoni, Reasons: 
2493146922, wyznanie, Reasons: 
598370473, RDLHS, Reasons: 
142531372, pelucas4, Reasons: default, no description, 
704223645, papayamiligonk, Reasons: default, 
2199860300, tomm0sorvete, Reasons: 
2475930950, HobbyConStore, Reasons: default, 
2788873884, RossiRendiz, Reasons: default, 
188484473, justniallerlove, Reasons: 
2727240322, lorrandieego, Reasons: default, default, default, 
55132521, CS360updates, Reasons: default, 
394974911, sincetxas, Reasons: 
193321422, cevipyme, Reasons: 
165224084, pereyrabelu, Reasons: 
24166630, NormSanders, Reasons: 
1491503964, raganmcg17, Reasons: no description, 
183895910, felipevargasr, Reasons: 
127367012, didfortvd, Reasons: 
239418949, Pensarporpensar, Reasons: 
1333622893, Syarzliatasya99, Reasons: 
733478714, Luisa_gonzalezB, Reasons: 
498503338, notihoyweb, Reasons: 
541892389, AntaresVazAla, Reasons: 
2533344739, 1D_5SosmyDrug, Reasons: 
1494068442, TiernosDeSteffi, Reasons: 
1453315454, anacristina0697, Reasons: 
856389516, Neereeaa98, Reasons: 
1465307244, jose72817806, Reasons: default, 
103864727, lelopesb_, Reasons: 
572951653, sprayberrw, Reasons: 
294332108, CharlieMontar, Reasons: max followings, 
574585584, Pavel4102, Reasons: 
2300841523, TomHiddleston06, Reasons: default, 
248825148, luuana_a, Reasons: 
529067777, ChonBambino, Reasons: 
2830553955, PieldeToroMx, Reasons: default, 
2766439385, fauas15, Reasons: 
25471745, vinalink, Reasons: 
43546518, faktorqm, Reasons: default, 
38869511, angelduran92, Reasons: 
2720109800, IsmarAlves99, Reasons: default, no description, 
2199860300, tomm0sorvete, Reasons: 
2610904953, justinkleinb, Reasons: 
2500854081, higorribeirofc2, Reasons: 
2685262149, Fbdescontrolado, Reasons: default, no description, 
492099429, md_referendum, Reasons: no description, 
2483185430, TamiRodrigueeez, Reasons: 
2171141081, RiqueNowaski_, Reasons: 
476258341, FitbitSupport, Reasons: 
856636220, MelaanyL, Reasons: default, 
2846673485, natashaportela, Reasons: default, no description, 
223856150, ColumbiaCDRS, Reasons: 
131928884, morocha_mn2cina, Reasons: 
1580084461, WillowIsAlone, Reasons: 
100011984, ceci2291, Reasons: no description, 
97055405, KJinDC, Reasons: 
336703040, RayOrtiiz, Reasons: 
389153719, AnaAranguren3, Reasons: 
1616230244, AnnaBeatrizPe, Reasons: 
1708447506, stimer_karol, Reasons: no description, no description, 
222157464, Juancitooo_, Reasons: no description, 
2877960978, ModieRaquel158, Reasons: default, no description, few followers, 
554142979, silviagquintero, Reasons: default, 
394330479, lahumedadmata, Reasons: 
65519102, Feuv, Reasons: 
736799160, choisungkyung, Reasons: default, few followers, 
597219629, Marmarescobar, Reasons: default, 
1872383502, 5sospiranha, Reasons: 
1284527498, JeesicaMendez, Reasons: 
2873470657, Falcon_ATM, Reasons: default, 
874346108, NatachaLiana, Reasons: 
518646310, SugarcubeDog, Reasons: default, 
19096137, ZamiMarrufo, Reasons: 
292878762, turismoenlared1, Reasons: 
626625057, miguelpajaro2, Reasons: default, 
2307454738, Jeeehb_, Reasons: 
1352785752, d1r3ctionerjb, Reasons: 
1881812827, eggomezf, Reasons: no description, 
858606396, _Peeu_, Reasons: 
2199860300, tomm0sorvete, Reasons: 
18052474, Blackamazon, Reasons: 
2518321714, katyyungan7, Reasons: 
2796859365, SandrixMc, Reasons: 
355561101, mariaxsoares, Reasons: no description, 
145721322, JotaEse40, Reasons: 
1433384412, Helvetia_ES, Reasons: 
799710618, ECRchat, Reasons: default, 
560727895, hayestomada, Reasons: 
729346963, divathechona, Reasons: 
608125883, Filha_de_Ogum, Reasons: 
755384654, DobrevSavinon, Reasons: 
2447136833, estera_estera_, Reasons: 
228382465, afcola, Reasons: 
1570649462, adioslarie, Reasons: 
2706109313, eiipaulinha, Reasons: 
491808919, DecadeOfHits, Reasons: 
426325271, ximena_chavbest, Reasons: 
1326938821, 0617LJK, Reasons: default, 
491808919, DecadeOfHits, Reasons: 
1035078642, Tomyms411, Reasons: 
2356296227, mps259, Reasons: 
480736491, RutSuso, Reasons: 
2218823551, sayuinthesky, Reasons: default, 
22870609, Shigeru_San, Reasons: 
1580633581, LsMahBoulaah, Reasons: 
477835937, feat1ddl, Reasons: 
590253684, Mileydi59144496, Reasons: no description, 
1327423604, zayns_orange, Reasons: 
1030298683, karousf, Reasons: 
2180811092, _Vingada7x, Reasons: 
277389838, nguyenbathanhdn, Reasons: default, 
494098071, JuditGH9, Reasons: 
61836855, CariiReyes, Reasons: 
2155187743, faraisax, Reasons: 
2199860300, tomm0sorvete, Reasons: 
806893416, voceatimisului, Reasons: 
995946464, vampirodeforks, Reasons: 
104667895, Dinero_Exc, Reasons: 
2802722066, Valentiinaa999, Reasons: 
513416997, chuvanduc92, Reasons: default, egghead, no description, 
1433568433, floverna, Reasons: default, 
1112731392, luazrk, Reasons: 
105393023, pete_forester, Reasons: 
1665686749, justwhore, Reasons: 
815654676, Moncholab, Reasons: default, 
2363088450, bbcnewsok, Reasons: 
737231048, BarbaraGayoso, Reasons: 
2363088450, bbcnewsok, Reasons: 
176906494, Arantxitalp, Reasons: default, no description, 
165241535, cahv_g, Reasons: 
916407698, PacoLuna_9, Reasons: 
1180265371, JoeyRram, Reasons: 
280033504, jjvasquez2468, Reasons: default, 
2300202128, Kiara_CIR, Reasons: 
2670441535, MaverikCareers, Reasons: 
2743078053, mustafanvcf, Reasons: default, 
2718294697, Fahrt_hue_712, Reasons: default, no description, 
2790348776, jul3876, Reasons: default, no description, few followers, 
69579464, evelynsilveira, Reasons: 
1330510184, njrmlktoiss, Reasons: 
30368843, X_Confucius, Reasons: 
2495563789, MinhQuanggg, Reasons: no description, few followers, 
2825384834, niggataetae, Reasons: 
752323003, LuisTorres225, Reasons: no description, 
870890324, Unaltoculs, Reasons: 
621199159, blancojul, Reasons: 
125048091, JulianRVP, Reasons: 
1111747940, onedrauhlker, Reasons: 
2751443429, pineda0827, Reasons: default, few followers, 
293448426, Orianaesthep, Reasons: 
872752320, promisenian, Reasons: 
1229793702, Lules_1370, Reasons: default, 
116545702, CleitonZimmer, Reasons: default, no description, 
446225721, Alex_Guerrero_7, Reasons: 
179218804, vintagechnel, Reasons: 
2779548349, UlisesXD_1, Reasons: default, no description, few followers, 
1467925026, hejkajustin, Reasons: 
188833110, joshuamasoni, Reasons: 
318882218, kimselviano, Reasons: 
1122480236, rolling_2, Reasons: 
511965236, esonocambianada, Reasons: 
767991998, MRitaFuentes, Reasons: default, 
544230541, NadaEra_, Reasons: 
2727234388, ionuta100, Reasons: default, no description, 
408378183, quemuant, Reasons: default, 
165583191, ppvelazquez21, Reasons: 
1097230969, LKuniscki, Reasons: default, no description, 
1450167498, julitofiera93, Reasons: default, 
2802690288, Raiiinha_E, Reasons: 
2740293814, coonerbr, Reasons: default, 
2422764866, cacadelih, Reasons: no description, 
109437126, BeatrizGasiba, Reasons: 
2584126424, ssfmcs, Reasons: 
878700468, ValentinaRaad_, Reasons: 
277777193, vilcuerva, Reasons: no description, 
259834861, bundadopayne, Reasons: 
633143611, badboyofsoul, Reasons: 
2455154985, MrsDarkness__, Reasons: 
555196162, joaoborges45, Reasons: 
410914670, allbyzain_, Reasons: 
941487277, swansaviors, Reasons: 
118407850, marriebarbosa, Reasons: 
295572963, G3hlen, Reasons: 
2844866963, CarpetWolcott78, Reasons: default, no description, few followers, 
2745671284, TraviAlexis, Reasons: default, 
1226279216, VascaMachinea, Reasons: default, 
182147857, Polityka_pl, Reasons: default, 
47866917, charlie_qz, Reasons: 
132508193, mpcesar, Reasons: 
2443523107, Mind_Collapsed, Reasons: 
393157874, danieldac1819, Reasons: default, no description, few followers, 
2741016549, sckscrowley, Reasons: default, 
2199860300, tomm0sorvete, Reasons: 
68520678, krose914, Reasons: 
446813152, Timmy_Turnerout, Reasons: 
1099248229, uetakoneko, Reasons: 
2310043532, ms_olv, Reasons: 
557465885, coop_urbana_ro, Reasons: 
17913653, gabbysully, Reasons: 
852037076, LNA1996, Reasons: default, no description, 
576321839, perryfuckme, Reasons: no description, 
2283435028, klabarreto, Reasons: 
2798599291, aatal51, Reasons: default, 
317746540, SabrinaScalfone, Reasons: 
2830686191, AArelusSneedd, Reasons: default, no description, 
632084558, MundoDes, Reasons: default, no description, 
42304365, PatyPulido, Reasons: default, no description, 
236416519, oitchaus, Reasons: no description, 
870419065, crl_theMan, Reasons: 
132508193, mpcesar, Reasons: 
632084558, MundoDes, Reasons: default, no description, default, no description, 
2465383924, outrera58, Reasons: default, 
596435193, Alber5484, Reasons: default, no description, 
2210876890, magcuttie, Reasons: 
2391490285, Areiay, Reasons: 
2458874712, itsmuller_, Reasons: no description, 
2750715447, ThamiresCastro_, Reasons: 
281282774, LatPoliticalAve, Reasons: 
213417133, switch5Hearts, Reasons: 
1313371680, Julia_1590, Reasons: 
323284014, Gabbdesousa, Reasons: 
64126880, ciglesias21, Reasons: default, 
1104512833, HereForYouHoney, Reasons: 
1878851323, oby_wan, Reasons: default, no description, 
588440326, raejeanhightowe, Reasons: 
225580509, mendesTih, Reasons: 
93132441, wichony666, Reasons: 
333213311, manriquecl, Reasons: default, no description, 
2232471454, mydengofly, Reasons: 
442228766, BlackStars1993, Reasons: 
303827304, mpenalv, Reasons: default, 
33816125, eldeficit, Reasons: default, 
586962852, Isadekevin, Reasons: 
248945526, avilaquijas, Reasons: 
1618547034, shotasfour, Reasons: 
290215527, itsflavia_souza, Reasons: 
59435597, 3104ohno, Reasons: 
132508193, mpcesar, Reasons: 
138079642, Michaelart, Reasons: 
17620625, YONOFUI, Reasons: no description, 
27049597, VicenteNadal, Reasons: 
392415871, tiagowachholz, Reasons: 
147702056, _kneenah, Reasons: no description, 
325111679, WarEnsembIe, Reasons: 
573114145, antoniocm26, Reasons: default, 
2773964638, PerlaOfGod, Reasons: default, 
124067843, erick_v26, Reasons: 
436813211, SusanaGomezS, Reasons: 
369090614, rosanchi, Reasons: no description, 
231225504, itsvich, Reasons: 
727169149, LeishaDieppa, Reasons: no description, 
2224109827, Matty_40583, Reasons: 
2531513725, vocucton, Reasons: default, no description, 
12795532, amandalemos, Reasons: 
2199860300, tomm0sorvete, Reasons: 
285008436, ManeiraJoy, Reasons: 
147074902, cacharles, Reasons: 
515987041, poxachaii, Reasons: 
316000209, _luannaneves, Reasons: 
2442636363, Celine_Grizi, Reasons: 
39609732, JeffersonObama, Reasons: 
227431673, Injeo_GobOax, Reasons: 
2272904797, _Vibe_Ketili_, Reasons: 
29230342, IdafeMartin, Reasons: 
1082544152, berrio_cabello, Reasons: default, 
2355667599, Like_pepper, Reasons: default, 
2355667599, Like_pepper, Reasons: default, default, 
2355667599, Like_pepper, Reasons: default, default, default, 
1097230969, LKuniscki, Reasons: default, no description, default, no description, 
165241535, cahv_g, Reasons: 
371786181, ana_dsan, Reasons: 
132508193, mpcesar, Reasons: 
151526693, smirnov7, Reasons: 
182934933, henriquegalmeid, Reasons: 
2536043882, AvionicaCo, Reasons: 
32861923, CowMyGod, Reasons: 
2767021699, lauraa_costaa, Reasons: 
2841856415, esnoticiaorg, Reasons: default, 
292245604, ElvisPayares, Reasons: 
173309603, toninhubbk, Reasons: 
119008258, JavierLegaz, Reasons: max followings, 
700328263, Cah_Casablancas, Reasons: 
96202287, nofumarx, Reasons: 
1566439855, Rosie__HW, Reasons: 
1590240847, Rafaelaciiidade, Reasons: 
2377999410, NeverMindOG, Reasons: default, no description, 
2320075819, novinharss, Reasons: 
302659573, Jannardgs, Reasons: 
827444509, atearmore, Reasons: 
339941744, jm_covarrubias, Reasons: default, 
2302095678, Viralistas, Reasons: default, 
252302390, Adri_UPP, Reasons: 
534682171, VeneShipping, Reasons: 
829097534, MarensExtension, Reasons: 
930587306, nonamez80, Reasons: default, no description, 
152061241, Misspsg75019, Reasons: default, 
330810024, _natrese, Reasons: 
1187916810, PerezAbus, Reasons: 
2526102751, EFenilli, Reasons: 
298508610, marivillanova, Reasons: 
493305276, GianluigiTRCT, Reasons: 
72955310, FrancielyR, Reasons: 
2406474999, luarolon, Reasons: default, 
201085727, Pau_lux, Reasons: 
2598579805, zona_malika, Reasons: 
411045399, KeniaVanessa15, Reasons: 
258124716, oldmommatajuri, Reasons: 
2565020147, 05Patricialopes, Reasons: default, 
195304804, grygstoica, Reasons: default, no description, 
1576476596, LRPSoft, Reasons: default, 
1926949148, heyyoungsinner, Reasons: 
712290252, miriamjimenezar, Reasons: 
1483169862, ademiguel79, Reasons: default, 
2373171045, rezendeevil_fan, Reasons: default, 
2553697844, drewnojero, Reasons: no description, 
12795532, amandalemos, Reasons: 
1655743447, juanantoniopol4, Reasons: default, no description, 
2525884117, AnaliceWiggers, Reasons: 
590253684, Mileydi59144496, Reasons: no description, no description, 
91220596, CarolyneHabib, Reasons: no description, 
52728009, MJesusRojas, Reasons: 
414267220, NiiLisboa, Reasons: 
1167107635, BruuStellato, Reasons: 
69999254, keseabra, Reasons: no description, 
1219555920, Africanuestra, Reasons: 
413596098, boksil, Reasons: 
119212062, fifthdobrevs, Reasons: 
164355522, naiofodida, Reasons: 
404368700, Belial_CL, Reasons: 
2526745688, ak97rock, Reasons: 
598786929, NiurcaC, Reasons: 
2199860300, tomm0sorvete, Reasons: 
368438806, ANTONIOMEDINA35, Reasons: 
94067690, idkNicki, Reasons: 
873812497, GGalletas, Reasons: 
132508193, mpcesar, Reasons: 
128127125, FannyLPastrana, Reasons: 
128568609, WeisGuerrero, Reasons: 
562017868, pamelahl_28, Reasons: 
2387551976, WWWofEvaluation, Reasons: default, 
1313505175, zupkachinskaa, Reasons: 
294919322, steph_41, Reasons: default, no description, 
246767805, WBPictures_Ar, Reasons: 
2465243724, 12mafalda02, Reasons: 
18956856, Tina_Caviness, Reasons: 
2260661584, UnaLunaDCristal, Reasons: 
421960139, AlfonCast24, Reasons: default, 
306998410, MorganaSativa, Reasons: 
231902001, __gabriellem, Reasons: 
233650645, JosueRoblescx, Reasons: no description, 
2796104650, Katar945, Reasons: default, no description, 
241262301, GiseDominguez_, Reasons: 
1549368985, rubenmacias_7, Reasons: default, 
294197869, IdelisaMarte, Reasons: 
395858532, UnionMerengue, Reasons: 
1951693394, digitaisno_ls, Reasons: 
546302956, shanerwalsh, Reasons: 
1267365565, Lores_alves, Reasons: 
18234444, RobaMorena, Reasons: 
1460230934, dragons_walkers, Reasons: 
132508193, mpcesar, Reasons: 
148540283, ToneAmoroso, Reasons: 
489760410, happywithjosh, Reasons: 
1089398737, barb4ro, Reasons: 
2343915631, luda_kucka, Reasons: 
2199860300, tomm0sorvete, Reasons: 
2756691874, Louisando69, Reasons: default, 
142690900, RadiomarPlusFM, Reasons: 
1021872458, Cristina_Rionda, Reasons: 
36095021, barnlib, Reasons: 
234366165, Tiau_e_fodas, Reasons: 
383432030, Uma__Stalker, Reasons: 
1345195657, MashiReloaded, Reasons: 
2518893715, pxgiu, Reasons: 
1575337872, gfdaniel07, Reasons: 
147777707, nereydajpg, Reasons: default, 
726909529, MarcelloWooooow, Reasons: 
702893194, Bugs392, Reasons: no description, 
234268308, InformatiaTaSv, Reasons: 
246767805, WBPictures_Ar, Reasons: 
236555016, Mabiz_, Reasons: 
611141209, bfrthaamy, Reasons: 
2865742874, ysjmgr, Reasons: 
353749905, LauDobleC, Reasons: 
50496675, danielanog, Reasons: 
2768215824, JesuelSPFC11, Reasons: 
820400306, CU_ENVS_Program, Reasons: 
25429577, zintaaistars, Reasons: 
2240906743, seclp, Reasons: 
79591640, gabrieu182, Reasons: 
1018008512, jeennifernayara, Reasons: 
175183927, guriadoluanjo, Reasons: 
807219583, EsguepMacarena, Reasons: 
2719880777, GSgarboss, Reasons: default, 
473169091, OdetteElenaRamo, Reasons: 
349632818, Manublanco666, Reasons: 
2617051848, bau_bilbao, Reasons: 
555414356, ClemsJoh, Reasons: 
1016024168, RacheelReiis, Reasons: 
721243014, hopelarrys, Reasons: 
1065789223, everyou1D, Reasons: 
337179886, bettertpayne, Reasons: 
634953838, jonijoti, Reasons: 
1530354314, Chim_jewelfish, Reasons: 
374159142, vgc0211, Reasons: no description, 
236903942, WDIVATULLALUANA, Reasons: 
883038139, 5sostenta, Reasons: 
142011679, bernardopeon, Reasons: egghead, 
738878958, maspoxaane, Reasons: 
58543054, Laird2News, Reasons: 
337614706, 1L30, Reasons: 
103181804, DehNoogueira, Reasons: 
2792964807, gabriellecarv31, Reasons: 
102133007, Andreeantuness, Reasons: no description, 
1972577552, styleshardest, Reasons: max followings, 
2809473780, Cf_AmoreOriana, Reasons: 
237368348, qualfoijuniu, Reasons: 
2817751100, Silas_Weed, Reasons: default, 
148952048, QDarlingDaniela, Reasons: 
203657768, lorraynebarc, Reasons: 
2408902614, 10RafaelVitor, Reasons: default, 
385871398, joybrookefair, Reasons: 
2823775372, vivibelieber8, Reasons: default, 
749675569, 14EdgarAguirre, Reasons: default, no description, 
15309804, capitalweather, Reasons: 
1384346071, cheila50869562, Reasons: 
