211526997, Josiph86, Reasons: default, egghead, no description, 
278279079, poeticado, Reasons: default, egghead, no description, 
276427066, erepero, Reasons: default, egghead, no description, few followers, 
2273900144, quochuy750, Reasons: default, egghead, no description, few followers, 
2812859820, PilarCG6, Reasons: default, egghead, 
960643638, EZaldv, Reasons: default, egghead, no description, 
2672518082, Minhthuong2286, Reasons: default, egghead, no description, few followers, 
2825777677, wembleyscar, Reasons: default, egghead, no description, few followers, 
2482953354, Isabellla_ls, Reasons: default, egghead, no description, 
878774646, vdhmariale, Reasons: default, egghead, no description, 
1912462417, jeehcarcanha, Reasons: default, egghead, 
1201229102, EdituraArthur, Reasons: default, egghead, no description, 
976306243, martao45, Reasons: default, egghead, no description, 
572861144, MMezerai, Reasons: default, egghead, no description, 
1003689980, DeAlegro, Reasons: default, egghead, 
2563477693, DaVonhut, Reasons: default, egghead, no description, few followers, 
2846726092, Matheus_Lohan_, Reasons: default, egghead, few followers, 
2721271958, BrnoCAS, Reasons: default, egghead, 
2754252917, TodonadaXdxdaxd, Reasons: default, egghead, no description, few followers, 
1585674050, Laurita_hp, Reasons: default, egghead, few followers, 
2756907682, Maria78702361, Reasons: default, egghead, no description, few followers, 
623796764, trompnata2001, Reasons: default, egghead, no description, few followers, 
2754567741, Alioli1301, Reasons: default, egghead, no description, few followers, 
2755135637, paco30531540, Reasons: default, egghead, no description, few followers, 
549321656, tvr1999, Reasons: default, egghead, no description, few followers, 
79529426, JuanAriari, Reasons: default, egghead, no description, 
2825777677, wembleyscar, Reasons: default, egghead, no description, few followers, 
2784984595, treti7, Reasons: default, egghead, no description, few followers, 
2765678133, edgar21371382, Reasons: default, egghead, no description, few followers, 
425033439, betiko_2000, Reasons: default, egghead, no description, few followers, 
1366370736, molona14, Reasons: default, egghead, no description, few followers, 
1958812543, aletahiche5, Reasons: default, egghead, no description, few followers, 
2264912158, AnaAnaavila463, Reasons: default, egghead, no description, few followers, 
2474328500, adi11636444, Reasons: default, egghead, no description, few followers, 
1051140805, gonzaliito_2000, Reasons: default, egghead, no description, few followers, 
1684151161, ANAGABR97248089, Reasons: default, egghead, no description, 
2464584136, blanca_slp, Reasons: default, egghead, 
2773486194, GenioEduardo, Reasons: default, egghead, no description, few followers, 
790178526, Marquiitos_19, Reasons: default, egghead, no description, few followers, 
2754946805, juanmacomepolla, Reasons: default, egghead, no description, few followers, 
171690511, marcelo_hd83, Reasons: default, egghead, no description, 
2253089757, RuunT_Botia, Reasons: default, egghead, no description, few followers, 
1017742585, silvaredda86, Reasons: default, egghead, few followers, 
2763575943, Josee1313, Reasons: default, egghead, no description, 
2447395280, _kevingarcia15, Reasons: default, egghead, no description, 
708861846, Luisgenarovr, Reasons: default, egghead, no description, 
2809749211, JuanitoA6, Reasons: default, egghead, no description, few followers, 
2761181565, holadiosi, Reasons: default, egghead, no description, few followers, 
1543901048, olivercc20, Reasons: default, egghead, 
1299627878, Finchisicre, Reasons: default, egghead, no description, 
2846742892, repositoryae, Reasons: default, egghead, no description, few followers, 
2878113542, gufarabbas2838, Reasons: default, egghead, no description, few followers, 
2878022466, nasiraliswl, Reasons: default, egghead, no description, few followers, 
407912584, WWE_Fan32, Reasons: default, egghead, no description, few followers, 
2842494424, marianRbelieber, Reasons: default, egghead, no description, few followers, 
2546475451, ebaytwhistory, Reasons: default, egghead, no description, 
624933847, JorgeLegorretaM, Reasons: default, egghead, no description, 
88121718, deals_list, Reasons: default, egghead, no description, 
430579114, 1denmadrid, Reasons: default, egghead, no description, 
206577337, thefailpit, Reasons: default, egghead, 
1535982481, EvehEvelin13, Reasons: default, egghead, few followers, 
2819589136, gaziturkkk, Reasons: default, egghead, no description, 
61147236, Livemotion, Reasons: default, egghead, no description, 
1419004664, AbCarrymar, Reasons: default, egghead, 
2364721855, porartedemajia, Reasons: default, egghead, 
2843566877, alejandro970811, Reasons: default, egghead, no description, few followers, 
2295206665, bettocueevas, Reasons: default, egghead, no description, 
130253245, ernesto3nueve, Reasons: default, egghead, no description, 
2843566877, alejandro970811, Reasons: default, egghead, no description, few followers, 
2578250179, taebie, Reasons: default, egghead, 
481052071, jolygioielli1, Reasons: default, egghead, no description, 
2846773558, fsgkokty, Reasons: default, egghead, no description, few followers, 
2653858370, Fabrihidalgo71, Reasons: default, egghead, 
700341780, elmundo24horas, Reasons: default, egghead, 
557126634, Mireia29285326, Reasons: default, egghead, no description, few followers, 
1458312836, marielyss3gh, Reasons: default, egghead, no description, few followers, 
2843900563, Rodriguezhirene, Reasons: default, egghead, 
422760026, adririverao, Reasons: default, egghead, 
438070072, nelsonpineda7, Reasons: default, egghead, no description, few followers, 
2729447397, quincallarota6, Reasons: default, egghead, no description, 
1566287262, XAVIERMERCAL, Reasons: default, egghead, no description, 
2837228039, obaa1D, Reasons: default, egghead, few followers, 
