517858653, HarrietteCather, Reasons: default, egghead, no description, 
400679066, dewbellle, Reasons: default, egghead, few followers, 
2396162825, o38964764, Reasons: default, egghead, no description, few followers, 
2504648221, mantandolly, Reasons: default, egghead, no description, 
126938577, beebumble87, Reasons: default, egghead, no description, few followers, 
555958743, min_wui, Reasons: default, egghead, no description, few followers, 
421298121, VvlaDOrlovV, Reasons: default, egghead, no description, few followers, 
2704839174, dimaul1973, Reasons: default, egghead, no description, few followers, 
2678260596, SdsamSd, Reasons: default, egghead, no description, few followers, 
2308374733, alicegirls88, Reasons: default, egghead, 
353545678, jonggu84, Reasons: default, egghead, few followers, 
1837181390, zsernio, Reasons: default, egghead, no description, few followers, 
636960498, elwelwira2012, Reasons: default, egghead, no description, 
701087870, zimnica83, Reasons: default, egghead, no description, few followers, 
400679066, dewbellle, Reasons: default, egghead, few followers, 
240351879, wingaster, Reasons: default, egghead, no description, few followers, 
2411179388, RuMediaTop, Reasons: default, egghead, 
1289345316, Sally70295156, Reasons: default, egghead, no description, few followers, 
1600160342, syanco84, Reasons: default, egghead, no description, few followers, 
2485946930, perlitaaa46, Reasons: default, egghead, no description, few followers, 
2826648060, shironekoyamat2, Reasons: default, egghead, no description, few followers, 
1028613168, mdxbox118, Reasons: default, egghead, no description, few followers, 
2203047497, dbmgxbn, Reasons: default, egghead, no description, few followers, 
1437926882, princesscgy, Reasons: default, egghead, no description, few followers, 
130468845, ksy215, Reasons: default, egghead, few followers, 
786625189, kraw2002, Reasons: default, egghead, no description, few followers, 
1352947807, BeemerN, Reasons: default, egghead, no description, few followers, 
1341237558, nadin_091, Reasons: default, egghead, no description, few followers, 
2492789376, pro100war3ft, Reasons: default, egghead, no description, 
2759770600, rewylemShe, Reasons: default, egghead, no description, few followers, 
1044144913, Ma_Irinetta, Reasons: default, egghead, no description, few followers, 
823409629, kasik722, Reasons: default, egghead, no description, few followers, 
2653028205, UsseryUssery1, Reasons: default, egghead, no description, few followers, 
2350993476, cacyfilaxyq, Reasons: default, egghead, no description, 
946963729, Rufat35777, Reasons: default, egghead, no description, few followers, 
520348624, carotaegolia, Reasons: default, egghead, no description, few followers, 
954907903, busik3333, Reasons: default, egghead, no description, few followers, 
1696436642, HIMERA1510, Reasons: default, egghead, no description, 
2739799547, VanyaMig, Reasons: default, egghead, no description, few followers, 
2417312065, gjctmlrj_gary, Reasons: default, egghead, no description, few followers, 
398602570, EscapadeHoliday, Reasons: default, egghead, no description, few followers, 
869802770, ATTAIAKHALI, Reasons: default, egghead, no description, 
2489758843, BQV04023, Reasons: default, egghead, no description, few followers, 
2329413579, notreallyhere85, Reasons: default, egghead, no description, few followers, 
2832079027, MoreUkropa, Reasons: default, egghead, no description, 
2829634737, Ameba_doce, Reasons: default, egghead, no description, 
2778473510, ahnjaemo, Reasons: default, egghead, no description, few followers, 
2829888337, moo_n_d, Reasons: default, egghead, 
2565302124, euroocenka, Reasons: default, egghead, no description, few followers, 
460195779, vip_lisenok89, Reasons: default, egghead, no description, few followers, 
2558894736, diet201406, Reasons: default, egghead, no description, 
754857727, PashaVoz, Reasons: default, egghead, no description, 
598022628, il120487, Reasons: default, egghead, no description, few followers, 
2879505834, MiranMiranisuta, Reasons: default, egghead, no description, few followers, 
596447101, TuravaGiiiooo, Reasons: default, egghead, no description, few followers, 
409676349, Kosuinen_MF, Reasons: default, egghead, 
68631543, basharnub, Reasons: default, egghead, no description, few followers, 
302333365, romashka456, Reasons: default, egghead, no description, few followers, 
1978189208, krisss03636789, Reasons: default, egghead, no description, few followers, 
2351129017, sylogavanoza, Reasons: default, egghead, no description, 
186764647, juhan_jr, Reasons: default, egghead, no description, 
2700404238, juu_kin, Reasons: default, egghead, no description, few followers, 
1555524606, Fedyok007, Reasons: default, egghead, no description, few followers, 
2194280574, Mayorgaeve77, Reasons: default, egghead, no description, 
528776015, Nilson_Mandella, Reasons: default, egghead, no description, few followers, 
33976758, lajuanaD, Reasons: default, egghead, no description, few followers, 
344472485, VShatunova, Reasons: default, egghead, no description, 
1922738654, atdiary_categor, Reasons: default, egghead, no description, few followers, 
385563320, dmi3y37, Reasons: default, egghead, no description, few followers, 
510440866, _3183460293081, Reasons: default, egghead, no description, few followers, 
2829496169, 2cHuzZ9IR0G1bNp, Reasons: default, egghead, no description, few followers, 
2472165745, dealsfamilyuk, Reasons: default, egghead, no description, few followers, 
243417477, pqpcocao, Reasons: default, egghead, 
565226023, trtaylor2, Reasons: default, egghead, no description, 
2564129363, patricioamaya65, Reasons: default, egghead, no description, few followers, 
1720894896, NEWS35650241, Reasons: default, egghead, no description, 
2877992377, jg2810, Reasons: default, egghead, no description, few followers, 
2703363847, wara_dendi, Reasons: default, egghead, no description, 
2755907208, korhaleva2, Reasons: default, egghead, no description, few followers, 
2761719785, rozmari66, Reasons: default, egghead, no description, few followers, 
326879599, rossellamonti, Reasons: default, egghead, no description, few followers, 
495355519, Kivi735, Reasons: default, egghead, no description, few followers, 
1537467212, GoldmanPaulson, Reasons: default, egghead, no description, 
382065650, kcana194, Reasons: default, egghead, no description, few followers, 
2376374389, wadain0news, Reasons: default, egghead, 
2794250087, doreddonoot, Reasons: default, egghead, 
2206672621, Yanchuk73, Reasons: default, egghead, no description, few followers, 
2863991383, m0897121363, Reasons: default, egghead, no description, 
1466365572, Zuuuuuubocccc, Reasons: default, egghead, no description, few followers, 
2803849743, Primus501, Reasons: default, egghead, no description, few followers, 
2357381022, WeatherReport6, Reasons: default, egghead, no description, few followers, 
2867417287, nooreyes7, Reasons: default, egghead, no description, few followers, 
202994083, qdjo9xt8, Reasons: default, egghead, no description, 
2472165745, dealsfamilyuk, Reasons: default, egghead, no description, few followers, 
549512712, Maksimov4688, Reasons: default, egghead, no description, few followers, 
1963465262, serg_8011, Reasons: default, egghead, no description, 
2840481118, Soyrara60Rocio, Reasons: default, egghead, no description, 
309226521, tmautospb, Reasons: default, egghead, no description, few followers, 
2848743624, akirausa2, Reasons: default, egghead, no description, few followers, 
1232412440, NuchRattana, Reasons: default, egghead, no description, few followers, 
447235478, tanaka8222, Reasons: default, egghead, 
2780824836, turki_otb111, Reasons: default, egghead, no description, few followers, 
728108617, kosmo1125, Reasons: default, egghead, no description, few followers, 
400415800, nugi111, Reasons: default, egghead, no description, few followers, 
622748929, dekoraprint, Reasons: default, egghead, no description, few followers, 
2651396563, kgi016, Reasons: default, egghead, no description, few followers, 
613775207, bakibai3, Reasons: default, egghead, 
2748767138, geinou_newsoku, Reasons: default, egghead, no description, 
1837181390, zsernio, Reasons: default, egghead, no description, few followers, 
405620281, 12pavel2, Reasons: default, egghead, no description, 
193524839, Seul7904, Reasons: default, egghead, few followers, 
2262398136, 140NewsTeam, Reasons: default, egghead, 
2700013088, chihuyu957, Reasons: default, egghead, no description, 
424242535, MUlviyye, Reasons: default, egghead, no description, few followers, 
2217305126, shy5763, Reasons: default, egghead, no description, few followers, 
1303130600, SashenkasaSasha, Reasons: default, egghead, no description, few followers, 
80109133, PatchemIeie, Reasons: default, egghead, no description, 
1119492589, IrbisNik, Reasons: default, egghead, no description, few followers, 
400074321, keniccchi, Reasons: default, egghead, no description, few followers, 
971650016, kooler09, Reasons: default, egghead, no description, few followers, 
482528390, orientricardo, Reasons: default, egghead, no description, few followers, 
2619881781, Rob78218861, Reasons: default, egghead, no description, 
2780567256, Artk171, Reasons: default, egghead, no description, few followers, 
944215724, IIepceu, Reasons: default, egghead, no description, few followers, 
2220400495, rechtmoontomet, Reasons: default, egghead, 
2762086858, yasinskis_k, Reasons: default, egghead, no description, few followers, 
2475142842, korih95, Reasons: default, egghead, no description, few followers, 
546953994, Witchermax, Reasons: default, egghead, no description, few followers, 
2761790784, Svetlana777999, Reasons: default, egghead, no description, few followers, 
2413237997, elisa_ocon, Reasons: default, egghead, no description, 
2782212555, Zubulia_Vrentzu, Reasons: default, egghead, no description, few followers, 
455510066, Artempekun, Reasons: default, egghead, no description, few followers, 
332800660, Rajendra260, Reasons: default, egghead, no description, 
2537228042, andonatu0820, Reasons: default, egghead, few followers, 
2402777183, heike171275, Reasons: default, egghead, no description, few followers, 
999281473, filatovruslan26, Reasons: default, egghead, no description, few followers, 
380963435, nadiabasi, Reasons: default, egghead, no description, 
1017155180, iryna1104, Reasons: default, egghead, no description, 
2706850788, a43872312, Reasons: default, egghead, no description, 
2387360137, Hodzu, Reasons: default, egghead, no description, few followers, 
2201552930, 1980_vladimir, Reasons: default, egghead, no description, few followers, 
102722944, Nipel187, Reasons: default, egghead, no description, few followers, 
2548923811, songwenchou1, Reasons: default, egghead, no description, 
245460471, itsallgoodonok, Reasons: default, egghead, no description, 
581003540, lovchikov1994, Reasons: default, egghead, no description, 
1461863526, news_trendy, Reasons: default, egghead, 
1535851214, botbot130, Reasons: default, egghead, 
110423940, jkomejina, Reasons: default, egghead, 
2745072055, magajin_futei, Reasons: default, egghead, no description, 
2635385424, usabizdaily, Reasons: default, egghead, few followers, 
301691330, AnyaGracheva, Reasons: default, egghead, no description, few followers, 
2749667081, macdayo1234, Reasons: default, egghead, no description, few followers, 
45809130, balarev, Reasons: default, egghead, no description, few followers, 
2870730356, sakiroyz12171, Reasons: default, egghead, no description, 
2761172814, Panda_Lovato, Reasons: default, egghead, no description, few followers, 
2879131957, bd64ca0cd30c4eb, Reasons: default, egghead, no description, few followers, 
2277948126, MarcosGuacaran, Reasons: default, egghead, 
477310332, yalubimaya88, Reasons: default, egghead, no description, few followers, 
2758441563, evgenijkalinin, Reasons: default, egghead, no description, few followers, 
2744797573, marugoto_jyo, Reasons: default, egghead, no description, 
2387202050, Vinstar95, Reasons: default, egghead, no description, few followers, 
2271072852, karnauh2, Reasons: default, egghead, no description, few followers, 
2670375080, valerad63493776, Reasons: default, egghead, no description, 
2389226042, wolfik444, Reasons: default, egghead, no description, 
2744988408, gsip_maga, Reasons: default, egghead, no description, 
515573727, scrapbookroom, Reasons: default, egghead, no description, few followers, 
846921444, Votchel2010, Reasons: default, egghead, no description, few followers, 
1420245276, RawlingsPacheco, Reasons: default, egghead, no description, 
403375081, YaroslavMockeev, Reasons: default, egghead, no description, few followers, 
1727642346, 65Syuya, Reasons: default, egghead, 
2836525016, alauddug1, Reasons: default, egghead, no description, 
523885787, AlexandruVieru, Reasons: default, egghead, no description, few followers, 
1857933038, 55post, Reasons: default, egghead, 
268882037, Demosque, Reasons: default, egghead, few followers, 
2582886697, aliataf99, Reasons: default, egghead, no description, few followers, 
2164702999, 214444144, Reasons: default, egghead, no description, 
2749797779, ARererun0103, Reasons: default, egghead, no description, few followers, 
2261660557, ax324love, Reasons: default, egghead, no description, few followers, 
1725237962, lizamama1998, Reasons: default, egghead, no description, few followers, 
350149177, katieilter, Reasons: default, egghead, no description, 
2492368566, NeEtombblove, Reasons: default, egghead, no description, 
395429588, dimas1516, Reasons: default, egghead, no description, few followers, 
2554781594, Rameshpoojary7, Reasons: default, egghead, 
477516380, annet1555, Reasons: default, egghead, no description, few followers, 
2750597606, edaika0526, Reasons: default, egghead, no description, few followers, 
938643960, Krinlektor, Reasons: default, egghead, no description, few followers, 
1110527676, Igors_266, Reasons: default, egghead, no description, few followers, 
2840734693, markkk24456, Reasons: default, egghead, no description, few followers, 
2788506165, jdoncl, Reasons: default, egghead, no description, 
2664323442, fuku0728, Reasons: default, egghead, no description, few followers, 
133555585, Schamlippen, Reasons: default, egghead, 
2754454600, wadwewow1, Reasons: default, egghead, no description, few followers, 
2439790916, yuuuuumero1, Reasons: default, egghead, no description, few followers, 
2846699338, Lenabecker01, Reasons: default, egghead, no description, few followers, 
2782012632, music24seven1, Reasons: default, egghead, no description, 
174557374, vagatlc, Reasons: default, egghead, no description, 
634363392, simka_7, Reasons: default, egghead, no description, few followers, 
557146241, karleesexyhogan, Reasons: default, egghead, no description, few followers, 
634363392, simka_7, Reasons: default, egghead, no description, few followers, 
2831465160, 3Zr9VSCsfqNiXol, Reasons: default, egghead, no description, 
527864826, esge1q, Reasons: default, egghead, no description, 
2804444930, masashi020931, Reasons: default, egghead, 
716265000, sadomaru_1214, Reasons: default, egghead, no description, 
2687662549, nataha20112, Reasons: default, egghead, no description, 
550132463, ChNiteshSingh, Reasons: default, egghead, no description, few followers, 
2521499611, takutaku2033, Reasons: default, egghead, 
110095161, ultradude1998, Reasons: default, egghead, no description, few followers, 
2879500932, sp7w5fc9, Reasons: default, egghead, no description, few followers, 
2480174882, willembovekerk, Reasons: default, egghead, no description, few followers, 
1963966292, playnowyuya, Reasons: default, egghead, no description, few followers, 
2561478853, ballygot, Reasons: default, egghead, few followers, 
2198315731, Kazzy128, Reasons: default, egghead, no description, few followers, 
1104377424, Yaaaiks, Reasons: default, egghead, no description, few followers, 
2734880479, mysmtkam7, Reasons: default, egghead, no description, few followers, 
230567414, eminborazan, Reasons: default, egghead, no description, 
2879544950, hutminer1, Reasons: default, egghead, no description, few followers, 
1466626458, yucha_1028, Reasons: default, egghead, no description, few followers, 
1200366678, ldir_ko, Reasons: default, egghead, no description, few followers, 
362401280, petuxowa2011, Reasons: default, egghead, no description, few followers, 
2529970086, 1414_9__, Reasons: default, egghead, no description, few followers, 
350121469, Pradeep__Maurya, Reasons: default, egghead, no description, 
2735035304, syu1005_syu, Reasons: default, egghead, no description, few followers, 
222712350, whiskylink_2ch, Reasons: default, egghead, no description, 
2858348263, hysteri54633543, Reasons: default, egghead, no description, few followers, 
1090057248, lstas44, Reasons: default, egghead, no description, few followers, 
1318222867, larisa1997_97, Reasons: default, egghead, no description, few followers, 
2826202870, Briar_Rose4, Reasons: default, egghead, no description, 
2584585555, redheadsfan2, Reasons: default, egghead, no description, 
2751144227, esyloaje, Reasons: default, egghead, no description, few followers, 
2788601513, ghr656Cheshire, Reasons: default, egghead, no description, few followers, 
2866270404, naj22557842, Reasons: default, egghead, no description, 
2742115608, FXSpider_test_1, Reasons: default, egghead, no description, few followers, 
443565720, Wahtan1405, Reasons: default, egghead, no description, 
930363846, azarenko1998ser, Reasons: default, egghead, no description, few followers, 
358974844, PriNceEsSko, Reasons: default, egghead, no description, few followers, 
2387500903, Darkendnox2, Reasons: default, egghead, no description, few followers, 
2377395361, olimp198000, Reasons: default, egghead, no description, few followers, 
710615170, FancettP, Reasons: default, egghead, no description, few followers, 
2191653949, 201308126bot, Reasons: default, egghead, no description, few followers, 
1343586823, ka3y4o, Reasons: default, egghead, no description, 
1331778253, SashaAliev, Reasons: default, egghead, no description, few followers, 
2783583878, Papabobo93, Reasons: default, egghead, no description, few followers, 
2418082349, arturlopa, Reasons: default, egghead, no description, few followers, 
1154772366, perm_zlo, Reasons: default, egghead, no description, few followers, 
1966436846, onaonova, Reasons: default, egghead, no description, few followers, 
2456775790, Yosef1234561, Reasons: default, egghead, no description, 
2773054194, yu_yuma1105, Reasons: default, egghead, no description, few followers, 
566665454, bethsparks6, Reasons: default, egghead, no description, 
999363158, dafemd, Reasons: default, egghead, no description, few followers, 
2687072630, a58448271, Reasons: default, egghead, no description, 
2323542805, Aliza792, Reasons: default, egghead, 
2228745275, ssozu_1, Reasons: default, egghead, few followers, 
126175782, Meetquist, Reasons: default, egghead, no description, few followers, 
2296221362, dragelnikolai, Reasons: default, egghead, no description, few followers, 
2454032524, mikankan71, Reasons: default, egghead, no description, few followers, 
2708423840, yelowt, Reasons: default, egghead, no description, few followers, 
2829017916, yusuke19710101, Reasons: default, egghead, no description, few followers, 
2359028864, vlaBdiMirX, Reasons: default, egghead, no description, few followers, 
2574545833, dreik661, Reasons: default, egghead, few followers, 
858433201, vito_b9, Reasons: default, egghead, no description, few followers, 
2372419655, ImMrsAmerica, Reasons: default, egghead, no description, few followers, 
1114521740, pavelzaytsev197, Reasons: default, egghead, no description, few followers, 
2785999226, mohmeda96925652, Reasons: default, egghead, no description, few followers, 
1976414744, morizot13, Reasons: default, egghead, no description, few followers, 
2559458106, hostsoun36, Reasons: default, egghead, few followers, 
2245658659, lapynenok1, Reasons: default, egghead, no description, few followers, 
578288735, ASOOLiiiS, Reasons: default, egghead, no description, few followers, 
131259900, gouken86, Reasons: default, egghead, no description, 
103919602, psandeep85, Reasons: default, egghead, no description, few followers, 
1941820320, couzia1, Reasons: default, egghead, no description, few followers, 
2528751289, JIeXyCuk, Reasons: default, egghead, no description, few followers, 
71664798, spark_legion, Reasons: default, egghead, no description, 
2852770230, anju_ib, Reasons: default, egghead, no description, few followers, 
491282276, kuchma1995, Reasons: default, egghead, no description, few followers, 
491282276, kuchma1995, Reasons: default, egghead, no description, few followers, 
1215020300, 9758026, Reasons: default, egghead, no description, few followers, 
2478204698, DjMaryo_, Reasons: default, egghead, no description, few followers, 
2421645510, alexeyuzlov, Reasons: default, egghead, no description, few followers, 
2659935163, Soidsulton, Reasons: default, egghead, no description, few followers, 
515836188, 3ure3as, Reasons: default, egghead, 
796142934, MaximStexov, Reasons: default, egghead, no description, few followers, 
831266114, piyo_piyo_k_o, Reasons: default, egghead, no description, 
2651943618, robokoppu190, Reasons: default, egghead, no description, few followers, 
1410019891, Vetal_Penkrat, Reasons: default, egghead, no description, few followers, 
2240376920, SuperE398, Reasons: default, egghead, no description, few followers, 
2336277113, iniradinar, Reasons: default, egghead, no description, few followers, 
1596656750, Fierce2013Baks, Reasons: default, egghead, no description, few followers, 
1195961653, mar020882, Reasons: default, egghead, no description, few followers, 
102722944, Nipel187, Reasons: default, egghead, no description, few followers, 
2326557888, sparkkirov, Reasons: default, egghead, no description, few followers, 
443196840, felix104116, Reasons: default, egghead, no description, few followers, 
2605719463, mdelriog2, Reasons: default, egghead, no description, 
2719032455, www14455478, Reasons: default, egghead, no description, few followers, 
2470528688, salvgpij, Reasons: default, egghead, few followers, 
401571949, GuillermoMusicL, Reasons: default, egghead, no description, few followers, 
2649259513, _AnnieJohnson_, Reasons: default, egghead, no description, 
2488565101, mythoughtstarte, Reasons: default, egghead, no description, few followers, 
221636348, vyas_parashar, Reasons: default, egghead, no description, few followers, 
907319454, amphibia_97, Reasons: default, egghead, no description, few followers, 
2831614297, BITCHACONDA66, Reasons: default, egghead, no description, 
2298027026, Maidan1Mair, Reasons: default, egghead, no description, 
461631507, 96775, Reasons: default, egghead, no description, few followers, 
882697795, baranovdima11, Reasons: default, egghead, no description, few followers, 
2289549198, iva3591, Reasons: default, egghead, no description, few followers, 
1306853024, fay_xal, Reasons: default, egghead, no description, few followers, 
632410291, aliorlandin, Reasons: default, egghead, no description, 
2780347232, undeadrostov161, Reasons: default, egghead, no description, few followers, 
69599629, bea236, Reasons: default, egghead, no description, 
512704394, nourdinalhoceim, Reasons: default, egghead, no description, 
2869715227, phja3, Reasons: default, egghead, no description, 
124264691, NayonaRrr, Reasons: default, egghead, no description, few followers, 
2578284816, donghun7371, Reasons: default, egghead, few followers, 
1038495475, akazaakari_n, Reasons: default, egghead, no description, 
2650408237, kenny5092, Reasons: default, egghead, no description, few followers, 
2366735678, BaljitS88875427, Reasons: default, egghead, no description, few followers, 
187807845, Teoderikus, Reasons: default, egghead, no description, 
1627359156, OlegMovpatholog, Reasons: default, egghead, no description, 
2347472219, molodzo, Reasons: default, egghead, no description, few followers, 
2523169495, najoxegumig, Reasons: default, egghead, no description, 
2716953799, kurimbaev1984, Reasons: default, egghead, no description, few followers, 
2395935157, petpeersob, Reasons: default, egghead, no description, few followers, 
2206332410, PeggyWi30388407, Reasons: default, egghead, no description, few followers, 
1161639248, PabloYanes22, Reasons: 
729102416, ZJAA01, Reasons: 
1436799488, zaindecencia, Reasons: 
2846796484, iago30578417, Reasons: 
233937449, lescanoh, Reasons: 
218265981, Kikesuarezg, Reasons: 
164366739, MsJacksonifyour, Reasons: 
1871570682, opusandreas, Reasons: 
406641573, Hansel_Pretzel, Reasons: 
633548680, MadMediaCom, Reasons: 
623005380, vadially, Reasons: 
472102496, idoxmc, Reasons: 
1413722784, PrinversUniform, Reasons: 
336900205, AngiiGoyenechea, Reasons: 
2252435941, WynfieldParkApt, Reasons: 
98702590, tegretol_, Reasons: 
713080213, Style_LyoN, Reasons: 
851970194, MaleMontani, Reasons: 
248864863, _butbea, Reasons: 
266051667, gandursarah, Reasons: 
134888188, econsultaoaxaca, Reasons: 
2328254552, cuprisondivest, Reasons: 
2596004218, MaykolRoots420, Reasons: 
2173071666, fifthfudida, Reasons: 
248864863, _butbea, Reasons: 
2557385565, cyta3896, Reasons: 
571292750, notinllove, Reasons: 
138305476, eltuitadelapeka, Reasons: 
1026224845, GuardillaVivo, Reasons: 
1099448407, emisoranuevitas, Reasons: 
436684110, radionavodari, Reasons: 
359000530, filiperaic, Reasons: 
1912055184, DreamSmile14, Reasons: 
718159286, Thaiisfaquete, Reasons: 
1019979337, RenataR_Alves, Reasons: 
337730289, EduardoOnieva, Reasons: 
2421721773, lourdes44011679, Reasons: 
1897768873, neonldemetria, Reasons: 
2617177038, traceofmyidols, Reasons: 
1332446018, JAUREDIETA, Reasons: 
193808584, NaabiSalrach, Reasons: 
189294682, almaarechiga, Reasons: 
2206746496, MaatheeussEduuu, Reasons: 
1729520142, tequilacabello, Reasons: 
1679105648, Kuriinsuman, Reasons: 
190416667, Immagcultlieber, Reasons: 
1968844092, coutxinho, Reasons: 
312260058, niallbruaca, Reasons: 
96411738, Camyla_Nogueira, Reasons: 
884479596, Chourio14, Reasons: 
297959599, AndreinaEMH, Reasons: 
1030972003, DominGS87, Reasons: 
783893803, egeekmx, Reasons: 
64452371, niallermyfeels, Reasons: 
14237594, realitatea, Reasons: 
264201912, fiamavosolo, Reasons: 
1566731280, LeehVieiraS, Reasons: 
1643547080, eduuardacarv, Reasons: 
1099579855, mancekg, Reasons: 
109777979, Felipeandressm, Reasons: 
285892418, yan__n, Reasons: 
535743652, camis_m00, Reasons: 
331645649, louistbieber, Reasons: 
1564083121, MCHIRINOS3, Reasons: 
938915611, ziamfoguento, Reasons: 
1561703076, Viejo_Topo, Reasons: 
2802154726, Art_Quaadros, Reasons: 
74926228, YamJolie, Reasons: 
1643159845, Amandaadesouza1, Reasons: 
264247707, sato_satochi, Reasons: 
2590599062, davidftozil, Reasons: 
312733470, oiraMladiV, Reasons: 
444933497, MartinBouza, Reasons: 
787525632, CRVM3, Reasons: 
858156991, skym4lik, Reasons: 
428381139, gonzalocoach, Reasons: 
320334648, guironia, Reasons: 
5341932, mukai3, Reasons: 
1526057905, Srta_Verdelho, Reasons: 
581616991, FacuChicago_, Reasons: 
2361714324, XqbQB, Reasons: 
430402609, AmyWestinghouse, Reasons: 
1707684751, HomemFeminino, Reasons: 
2343301405, JobinBaltimore1, Reasons: 
2343301405, JobinBaltimore1, Reasons: 
355632489, prateamar, Reasons: 
2343301405, JobinBaltimore1, Reasons: 
241355752, sohmoran, Reasons: 
255149177, natashamelo_, Reasons: 
1937262456, hugmeetom, Reasons: 
3705121, diegomarino, Reasons: 
74252028, monstruo54, Reasons: 
2567619953, rrosvrsv, Reasons: 
2664973552, AlessiaTripodi, Reasons: 
2814394148, Jiva_Boutique, Reasons: 
1965689004, P9lemica, Reasons: 
69923259, elisaditano, Reasons: 
2397980598, Dev_LATAM, Reasons: 
595746687, narrysupras, Reasons: 
420367889, VinoAcontia, Reasons: 
307053442, diaz_paez, Reasons: 
297682275, OliverosM85, Reasons: 
550294326, __CamiDGomez, Reasons: 
1356182306, vgeerp, Reasons: 
434222934, EssiDoisDoritos, Reasons: 
1947321667, SUCKBIEBRZ, Reasons: 
1084033099, darkzlarry, Reasons: 
68850352, B_ernardoR, Reasons: 
279235506, bizzlvato, Reasons: 
622974887, solitudine16, Reasons: 
246767805, WBPictures_Ar, Reasons: 
168223384, _Javi_Alvarado, Reasons: 
1579260452, acosta_murilo, Reasons: 
335418207, Mexinacazo, Reasons: 
163287159, t_i_t_o, Reasons: 
1855891758, rocolombia, Reasons: 
217825348, Azusaisangel, Reasons: 
115527786, Waleabe, Reasons: 
1024901618, coklitajskrim, Reasons: 
2747113493, Mallmarley33, Reasons: 
195743603, julitrebini, Reasons: 
166658944, thaaybernardi_, Reasons: 
156390501, DGareli, Reasons: 
599621715, mauricioalessio, Reasons: 
1084181924, peixots10, Reasons: 
14071538, noticias24, Reasons: 
346325031, McLiis, Reasons: 
124784798, brujisTruth0624, Reasons: 
929716500, TVictorineT, Reasons: 
2488825622, Maru_Fernandez9, Reasons: 
17030794, varo_, Reasons: 
2264463627, coxinhoran, Reasons: 
1278566862, alexiaGM_16, Reasons: 
2397974642, Primiciabo, Reasons: 
385529464, gEeKfAsHUn, Reasons: 
162427341, DaaGonzalez, Reasons: 
138913604, DOGS_YuriL, Reasons: 
2772178467, ernestoporcuba, Reasons: 
2221817318, sebasmarozzi, Reasons: 
145039996, santipalmer, Reasons: 
417581605, BMCoggins11711, Reasons: 
15870630, lunalatuf, Reasons: 
227785946, Naushito, Reasons: 
1850452759, vin20001, Reasons: 
45229443, msLBevalde, Reasons: 
28927657, johnnyalonso, Reasons: 
2701031315, imtorn1D2010, Reasons: 
2830637897, gbHigleyDuffy, Reasons: 
408727684, ibanda_rebeldes, Reasons: 
2165731643, MGabrielaLopez1, Reasons: 
1140273908, Ory_Rios, Reasons: 
2256554328, drewxmendesVEVO, Reasons: 
1545213840, carlosm39086372, Reasons: 
2363127632, Uaai_Ju, Reasons: 
341844537, LanyHastenreter, Reasons: 
185011579, ofornazari, Reasons: 
604228269, BooNutella, Reasons: 
2530969944, Boba_Hijueputa_, Reasons: 
2617177038, traceofmyidols, Reasons: 
165176461, CoreyInHerHouse, Reasons: 
2281986385, news24hcol, Reasons: 
165310527, anaclaudiaz_, Reasons: 
2153066430, RobinKomuro, Reasons: 
380700649, rckcobain, Reasons: 
132480130, zalotgn, Reasons: 
1656077310, otprol, Reasons: 
2533289490, FitnessBelleza, Reasons: 
42933426, BocaJrsOficial, Reasons: 
253572881, soluciones_net, Reasons: 
1027512416, Elvisdrn______, Reasons: 
629457641, ChisteEnFoto, Reasons: 
1564444328, InventoCreativo, Reasons: 
42968665, AlfredVillasmil, Reasons: 
302602965, Samayoa_Adan, Reasons: 
153497520, ReflexionesES, Reasons: 
1553602322, mundodecuriosos, Reasons: 
387051339, evaj6, Reasons: 
134284431, Ejercitarte, Reasons: 
2282342689, nialzkiIam, Reasons: 
1625920783, D3mir0, Reasons: 
424413993, ACClONPOETlCA, Reasons: 
1697523960, cliffordown, Reasons: 
2589574678, fbrclps_, Reasons: 
222360133, SrConsejo, Reasons: 
110759102, MadeTovar, Reasons: 
247900399, AmorGifs, Reasons: 
2682304627, jbtzudo, Reasons: 
461323152, PoetaProhibida, Reasons: 
252230084, pablopelin, Reasons: 
481364641, DatoFilosofia, Reasons: 
2163004352, coucouoedipe, Reasons: 
590144382, EsTattos, Reasons: 
473516180, UnPoetaNoCursi, Reasons: 
727258134, VidaExpectativa, Reasons: 
581191824, LosMejoresEs_, Reasons: 
311817762, NombresES, Reasons: 
1623069799, Carol_Mosqueira, Reasons: 
367029847, VersosCortos, Reasons: 
1379826768, AutosEnImagenes, Reasons: 
747494142, Karmatologico, Reasons: 
1151202126, GuapoEscritor, Reasons: 
745448334, infantesalvaje, Reasons: 
1160327544, camiideelriio, Reasons: 
787684052, PabloCabelloCcp, Reasons: 
301728973, RuddyRodriguez9, Reasons: 
81727484, CharllesPaiva_, Reasons: 
606281964, iMision20, Reasons: 
982901287, yaranilzadelim3, Reasons: 
625503790, GagasGirI, Reasons: 
1433741324, valjala_tecno, Reasons: 
2358052681, Dayane_eai, Reasons: 
349246070, abel_aparicio_, Reasons: 
2508444152, ojosver80300392, Reasons: 
2798441373, porramlq, Reasons: 
2273303550, mariaizabele5, Reasons: 
2413017590, notiwebVE, Reasons: 
178851172, PuttzThaay, Reasons: 
2233764932, DiqueWigue, Reasons: 
1367393576, xulaypunto, Reasons: 
914451216, larrystynlixo, Reasons: 
2191236648, Nissan_Ni, Reasons: 
483400451, brightnesswolf, Reasons: 
155360764, 1Hugo_, Reasons: 
84290732, mividascircular, Reasons: 
1721928864, me_gnisooL, Reasons: 
94869176, giipoletini, Reasons: 
85241838, gabasonica_, Reasons: 
2768191636, O92BKH, Reasons: 
74062637, dreams4gaga, Reasons: 
2596986769, Dragon_Magcult, Reasons: 
110539494, jacbellio, Reasons: 
578644827, dadaagostini, Reasons: 
345501644, RaiiMndez, Reasons: 
623005380, vadially, Reasons: 
524920523, glowjauregui, Reasons: 
131830173, Pazibc, Reasons: 
946523377, Facumoog, Reasons: 
844731800, sh3slikefire, Reasons: 
248341936, YamilaVelardez, Reasons: 
90933308, plamdds, Reasons: 
2320908540, Marchisio1612, Reasons: 
2397974642, Primiciabo, Reasons: 
1701787946, AnaTerron19, Reasons: 
1631879952, mateussveloso, Reasons: 
397329051, trucosmascotas, Reasons: 
423615418, saku2188, Reasons: 
388330181, CN_Igualdad, Reasons: 
283839518, teenfeelingsl, Reasons: 
95586119, pandrees, Reasons: 
246977889, Patrisims, Reasons: 
400097088, 1D_doBieber, Reasons: 
2484952480, johnnytuscasd, Reasons: 
2552866628, HarrySemStylo, Reasons: 
823396322, Rchenyaaaan, Reasons: 
1730492676, gabsbisch, Reasons: 
2586358261, MiileGodoy, Reasons: 
509404764, xavieuro, Reasons: 
2824863113, OOrelRoddiee, Reasons: 
600188903, bradleyyrauhl, Reasons: 
1446310280, _gus0, Reasons: 
138913604, DOGS_YuriL, Reasons: 
335939809, mabel_baby, Reasons: 
567470454, needyoureuri, Reasons: 
2532279966, franmusic89, Reasons: 
119942125, prautz, Reasons: 
284333234, WILSWANG, Reasons: 
451647821, demszoada, Reasons: 
580442844, CrstianMarchesi, Reasons: 
2492941533, LuisLuallop, Reasons: 
535314778, henykusuma_W, Reasons: 
2797712290, posesiontotal, Reasons: 
146160135, Lolamont, Reasons: 
2844328600, LillyJawaad, Reasons: 
814758528, h_yp_no, Reasons: 
1909975592, iguinoration, Reasons: 
1529208158, julia_rae7, Reasons: 
87026180, cheto_marthe, Reasons: 
260554898, varman81, Reasons: 
387331041, juanjosesanzcid, Reasons: 
598711180, Nadiin1D___, Reasons: 
2306486083, florcontinental, Reasons: 
2223619580, NicoLb14, Reasons: 
1624242764, iaritanooe, Reasons: 
204416448, LUIS_OLAR, Reasons: 
1283395262, PoweruSG, Reasons: 
370801722, pascal201169, Reasons: 
1152777564, bizzlaa, Reasons: 
461223057, 794Ale, Reasons: 
2653888992, Nanito456, Reasons: 
424862208, sor_2807, Reasons: 
2473411910, AnitaBarros11, Reasons: 
418490488, Carmenqc33, Reasons: 
62573615, ccoronelg, Reasons: 
101919439, RMiltersteiner, Reasons: 
135697330, mfabiancg, Reasons: 
425131982, jbrulesworldsz, Reasons: 
362191830, ISADICEQUE, Reasons: 
100138230, cesar_colunga, Reasons: 
6878342, Deilur, Reasons: 
207980885, biaccl, Reasons: 
2304058920, daltonfiiame, Reasons: 
145421326, Tusociaa, Reasons: 
52819651, Portafolioco, Reasons: 
153069278, vpruelas, Reasons: 
341659824, esmeraldarodr25, Reasons: 
2212389487, GuuhRamoss, Reasons: 
2810478514, frank_lezama, Reasons: 
2227450143, demmi_marrs, Reasons: 
352208019, CasanuevaE, Reasons: 
19130693, rafaelrojasc, Reasons: 
293627746, MarinaSL31, Reasons: 
2719087208, TT102TT, Reasons: 
70839504, belyta18, Reasons: 
1888452782, PlayVianna, Reasons: 
55900738, matheusfatel, Reasons: 
487656782, 19Josemaa, Reasons: 
2440485484, woIfchung, Reasons: 
12773762, miriestra, Reasons: 
2279761170, adioscaroles, Reasons: 
455350311, wanttedrew, Reasons: 
1262436998, gersonvtnc, Reasons: 
2677093548, JDV_PlazaMaipo, Reasons: 
1852716924, AntoFasciglione, Reasons: 
256273799, MatiasLasa1, Reasons: 
268431827, hiansantoos, Reasons: 
1627079053, valentoo_98, Reasons: 
2820761601, lahmarins123, Reasons: 
328612945, masoqissopaulo, Reasons: 
2240473424, Ana_LuzAS, Reasons: 
1837175078, Mica_RG4L, Reasons: 
250511494, erloy, Reasons: 
2874009150, louisdofuxico, Reasons: 
104397036, a_vera_valdes, Reasons: 
260444741, mullerlah, Reasons: 
524920523, glowjauregui, Reasons: 
395598406, Sofilu_Mb, Reasons: 
503654707, renandarosaa, Reasons: 
2824138961, jacksoppa, Reasons: 
1258394286, Celestinarvgmd, Reasons: 
1491751152, NareeRidellaOK, Reasons: 
465774273, GaabuchiC, Reasons: 
227084250, BellaRood, Reasons: 
45715391, msheuat, Reasons: 
1270391083, newstalk_LL, Reasons: 
69302511, MFV2_, Reasons: 
1270391083, newstalk_LL, Reasons: 
1270391083, newstalk_LL, Reasons: 
1270391083, newstalk_LL, Reasons: 
1270391083, newstalk_LL, Reasons: 
1517991, juaningan, Reasons: 
300524669, francinev_, Reasons: 
2578064539, ZooeDay, Reasons: 
449664854, bosondejarl, Reasons: 
1655474161, Growlithe_meh, Reasons: 
1968847910, amelia930, Reasons: 
2833621909, HSEQservices, Reasons: 
2206746496, MaatheeussEduuu, Reasons: 
2359994078, GarciaDani14, Reasons: 
571176855, jahmeguia_, Reasons: 
1340714222, ErnestguevaraLa, Reasons: 
2170441556, jerry_luvjbk, Reasons: 
1865996377, DaniPares1, Reasons: 
2666621275, srm_Styles, Reasons: 
111083194, iguazuconcierto, Reasons: 
1081504164, lailanavarro4, Reasons: 
2509499661, _Cici_Ban, Reasons: 
36308056, paoalin, Reasons: 
461223057, 794Ale, Reasons: 
2168707720, minnie_1417, Reasons: 
1176333482, justfroncker, Reasons: 
1275998335, ooimaysa, Reasons: 
2358424939, YouTube_okk, Reasons: 
63828500, _nessana, Reasons: 
584991699, mastertukhong, Reasons: 
1669841892, awhmyziall, Reasons: 
14800126, pantaleonescu, Reasons: 
227071576, GOWICARVAJAL03, Reasons: 
269744816, luv_liv, Reasons: 
114599096, loghan41, Reasons: 
201224730, tritonpoa, Reasons: 
2485417386, ollgcouto, Reasons: 
70695798, MuackDaGaby, Reasons: 
2842715799, nickmillard7jq, Reasons: 
272683095, Hiagotoso, Reasons: 
1949830440, Principal_mx, Reasons: 
2756472009, RachwolfLobo, Reasons: 
2164307299, thatsluaan, Reasons: 
197546330, alexa_mittman, Reasons: 
437116529, gabriielribera, Reasons: 
2217007770, MacedoHerrera_, Reasons: 
2849691151, carolirritada, Reasons: 
789062774, MarianPSanchez, Reasons: 
483400451, brightnesswolf, Reasons: 
2809174954, EstherDPedroche, Reasons: 
1282098883, adri_pinuela, Reasons: 
633090988, VintCreekside, Reasons: 
1730322450, luhaad, Reasons: 
156679445, Nuevoarc, Reasons: 
2151263559, MissguessNancy, Reasons: 
1405445472, Loreinfinite9, Reasons: 
1112904392, amandabiavatti, Reasons: 
2344132726, merycvidal01, Reasons: 
487710993, Soijuan7, Reasons: 
1624499671, fckshard, Reasons: 
2781583259, gu_severo0, Reasons: 
186185056, ElCastorOficial, Reasons: 
1275998335, ooimaysa, Reasons: 
436851858, p0rraSw4g, Reasons: 
120177500, WTFlizzie, Reasons: 
528940313, CaritoLumbreras, Reasons: 
138515105, lagunaja1957CUB, Reasons: 
614245242, D_deDiaz17, Reasons: 
1096967804, gerenr29, Reasons: 
2301538087, malocaat_, Reasons: 
171997608, rogelioariel, Reasons: 
2199860300, tomm0sorvete, Reasons: 
169521229, _caiosccp, Reasons: 
1837175078, Mica_RG4L, Reasons: 
264267297, NicoJr11, Reasons: 
2555629155, jsmiguelao, Reasons: 
607614072, JMCarzolio, Reasons: 
395822399, TurnClau, Reasons: 
290612437, powrhe_, Reasons: 
633221276, ACrushDoNiall, Reasons: 
2569098400, loba00722, Reasons: 
1917763944, josephmarcos_, Reasons: 
532346891, RustyJohnsonSC, Reasons: 
1720353758, leabrtkwcz, Reasons: 
1943743808, tifannyhwangrp, Reasons: 
191233750, Anagarciafalco, Reasons: 
394736974, porra_ep, Reasons: 
2287659854, sofiaorden, Reasons: 
2577245821, KendaluKendalu, Reasons: 
214421678, mah_sebadelhe, Reasons: 
912264468, marspelado, Reasons: 
2780795153, UmFilipinho, Reasons: 
2768215824, JesuelSPFC11, Reasons: 
14196889, Mack_Twitch, Reasons: 
2840612631, BuenoDePelar, Reasons: 
1288696236, daniiita234, Reasons: 
2434409755, FanzokaEDGE, Reasons: 
1133569346, bochco1234, Reasons: 
2822216098, YQueHaces, Reasons: 
2492026998, aj_polako, Reasons: 
2778198576, BacaulActiv, Reasons: 
431916245, _batmah_, Reasons: 
106123627, brhendss, Reasons: 
437116529, gabriielribera, Reasons: 
414257627, Euredgar, Reasons: 
1039859287, TuiteoCarora, Reasons: 
132375655, fueradejuicio, Reasons: 
1039859287, TuiteoCarora, Reasons: 
1976454968, stefanyandade, Reasons: 
532346891, RustyJohnsonSC, Reasons: 
2720243017, Jonyen10dias, Reasons: 
1920183900, VicenteAyala95, Reasons: 
2292789409, YaamilaBenes, Reasons: 
258441103, nanoauru7000, Reasons: 
2445637679, StylessSaraymys, Reasons: 
1540276908, castelldefels1, Reasons: 
532346891, RustyJohnsonSC, Reasons: 
264266967, GermanRosalesV, Reasons: 
301180581, viquicontreras, Reasons: 
308016040, PaoGaecia, Reasons: 
1380640392, ShrineOfAmanda, Reasons: 
2151231097, rayiita1, Reasons: 
132690768, dianamontanari, Reasons: 
885235692, shavage, Reasons: 
2874355850, thissnarry, Reasons: 
154851590, andrei_aner, Reasons: 
248249642, Pepe_Linaldi, Reasons: 
2788537601, NandaConti97, Reasons: 
351265878, TusssD, Reasons: 
2485227503, RoobertooCrz, Reasons: 
1126265846, Valeria97994353, Reasons: 
583853104, CU15M, Reasons: 
2841462051, Shercli_kks, Reasons: 
175281310, lovelove3104, Reasons: 
572202128, hhlovelycp5, Reasons: 
2536555212, twdvamps, Reasons: 
259325103, ONU_fr, Reasons: 
1199100391, lyns_crvg, Reasons: 
2484774036, SolPelochee, Reasons: 
335506902, __alguien__, Reasons: 
1043123383, niallxybae, Reasons: 
1198660854, tata16rodriguez, Reasons: 
74479824, jgsouellet, Reasons: 
111139361, EllenMadueno, Reasons: 
2436884784, _FlintJobs_, Reasons: 
251077532, mediocre_, Reasons: 
108345897, ramnar10, Reasons: 
64022962, EnfoqueNoticias, Reasons: 
2708939157, krlhoscar, Reasons: 
2353514047, davurodriguez, Reasons: 
710546442, Bizzlenigga_, Reasons: 
2609744974, 2202Pili, Reasons: 
585832495, Judithliforena, Reasons: 
258389211, anachevalier, Reasons: 
1635301136, Vh57Vi, Reasons: 
305226907, garciaa1903, Reasons: 
248347290, g_mohedano, Reasons: 
225201828, Jackie_Cruz03, Reasons: 
430145264, ainapIovins97, Reasons: 
34730900, karluSChka, Reasons: 
2841019421, Corp_Pedagogica, Reasons: 
373125770, javiercallderon, Reasons: 
846937741, tranphuoc1109, Reasons: 
2533694010, ChantyDelCele, Reasons: 
98535153, FaleComOBala, Reasons: 
15917657, TwitchFilm, Reasons: 
247206390, na_maga, Reasons: 
1724121548, eduardofiuza01, Reasons: 
198725145, GiihChristofano, Reasons: 
398239700, WeirdDrZaius, Reasons: 
2495522280, distrito12ferno, Reasons: 
2640702025, DokkiOffers, Reasons: 
126770364, yelyahunter, Reasons: 
519125492, GrantVanek, Reasons: 
2874282007, GraanHeermano15, Reasons: 
267157300, BeluWolf8, Reasons: 
741463598, Oscarbasurtoa, Reasons: 
193392083, Erika_Dantas, Reasons: 
185011579, ofornazari, Reasons: 
43708093, betetos, Reasons: 
2841411251, NectarSupremo, Reasons: 
114231090, SISEGRA, Reasons: 
218742496, LeitooBrandana, Reasons: 
1638400170, NIALLFAMINTO, Reasons: 
1429069826, Thhomii, Reasons: 
1365078132, Odalyz_P, Reasons: 
147726048, anauaht, Reasons: 
1560815156, LasHerasIvan, Reasons: 
2484774036, SolPelochee, Reasons: 
794135838, Yaizatr_, Reasons: 
37277168, EHSHAWNEE, Reasons: 
2640702025, DokkiOffers, Reasons: 
183762408, Bessii_x3, Reasons: 
2710788750, Phaeozim, Reasons: 
540440769, CRVGLipe_, Reasons: 
329176589, MahomieDosJonas, Reasons: 
2640640357, BolifaOffers, Reasons: 
1599761316, frannbastit, Reasons: 
287992912, Guiillherme__, Reasons: 
1058466361, VicFS_NHN, Reasons: 
322461491, silbura, Reasons: 
2222500027, satocochan555, Reasons: 
342499121, _eaegui, Reasons: 
2437994223, anar_rc, Reasons: 
348533245, minuevadieta, Reasons: 
248772149, DanielBernalSF, Reasons: 
2424939005, bru_simoess, Reasons: 
2275933866, xtinasfighters1, Reasons: 
362229325, ElizabethSouto, Reasons: 
2216568913, En_modo_piloto, Reasons: 
323668218, josefinafinger, Reasons: 
310528675, lusqe, Reasons: 
2269349466, HunedoaraLibera, Reasons: 
304037108, matcheuzo, Reasons: 
2495522280, distrito12ferno, Reasons: 
244174995, RyanArrieta, Reasons: 
1012243070, fernandsss_, Reasons: 
633017020, LetraSexual, Reasons: 
1188085555, SonMujeresEs, Reasons: 
2502036961, lovepaulstefan, Reasons: 
846257983, Marice0428, Reasons: 
2294466799, prompt_media, Reasons: 
566406913, WeyMamon, Reasons: 
1494296118, K3nnyHudson, Reasons: 
808615620, FraseSinDedicar, Reasons: 
1561539956, federicoarredo1, Reasons: 
869928170, JodidoSilencio, Reasons: 
378677162, FraseCaliente, Reasons: 
846257983, Marice0428, Reasons: 
603464127, pensadorpoetico, Reasons: 
2367988591, Monserratmmf, Reasons: 
437871287, CosasDeUnJoven, Reasons: 
503769464, arlyn_aranda, Reasons: 
2233442262, occaZouNeuf, Reasons: 
623082377, MundiImagenes, Reasons: 
1385052872, helantoli18, Reasons: 
1679612899, stopfirechile, Reasons: 
928965722, fletlaine, Reasons: 
297431541, TodoVinesES, Reasons: 
141372764, Kate_Ariito, Reasons: 
323912716, EsPoetaCursi, Reasons: 
905959867, ImagenTutorial, Reasons: 
106187174, TELEVILEAKS, Reasons: 
2658451274, Mrs_Jacks1, Reasons: 
1648173864, FacuGonzalez_4, Reasons: 
2485204546, lu_arias7, Reasons: 
371586258, AriasAngelo, Reasons: 
573947301, UnChicoA3msc, Reasons: 
1574159473, ilustrad0, Reasons: 
324675315, NguyenThienNhan, Reasons: 
224030848, chelomelonicba, Reasons: 
1210925912, QuePincheOGT, Reasons: 
104036963, marinackermann, Reasons: 
102979830, MauricioAntof, Reasons: 
169709458, TodoCursiES, Reasons: 
1010483634, EsMejorPerdonar, Reasons: 
173540952, CaluAleja, Reasons: 
126379923, ___JosealbertTT, Reasons: 
2328944033, 1Poggi, Reasons: 
2778694236, love_my_nutella, Reasons: 
2704563139, stefaniecrea, Reasons: 
2465309001, lyonpink58, Reasons: 
558125326, frasesyverdad, Reasons: 
1671550430, halcyne, Reasons: 
622549367, Novia_Inocente, Reasons: 
703908920, iNotasDeAmor, Reasons: 
2161352028, marcelopgaiola, Reasons: 
2192329753, enggar_cuenx, Reasons: 
495090088, IronManMeeme, Reasons: 
722729467, PaolaMarcela10, Reasons: 
626917412, RealidadEnfrase, Reasons: 
274786881, cazelayae, Reasons: 
37241918, RaffaDiiaz, Reasons: 
1689293845, karolmasseno2, Reasons: 
2863640263, BrendaVelezMex, Reasons: 
851920147, LARANADlCE, Reasons: 
536825007, UlisesB_, Reasons: 
2153179789, _Digitallove, Reasons: 
287313710, ComparaImagen, Reasons: 
846257983, Marice0428, Reasons: 
913979148, UgglyCursi, Reasons: 
262631510, LauuPS41, Reasons: 
282790688, villacaribehtel, Reasons: 
1446134832, opstribute, Reasons: 
1699948788, niggaftddlovato, Reasons: 
2410100005, RomiSosa0697, Reasons: 
67430641, reginamorenno, Reasons: 
2377995336, souumareedus, Reasons: 
1048954094, robertozablah, Reasons: 
258022817, kvayozone, Reasons: 
470602301, jennettewtf, Reasons: 
2790398290, yazz_55lok, Reasons: 
2182878661, jauregx, Reasons: 
69712593, junoroom, Reasons: 
2582502032, NattyCabj1, Reasons: 
1676850762, _Luucas8, Reasons: 
378719470, jarripeta, Reasons: 
123311901, GiselaDF, Reasons: 
846257983, Marice0428, Reasons: 
133015888, Vagazoide, Reasons: 
2878719122, lllllll05950912, Reasons: 
2786048007, machocien14, Reasons: 
543717465, lettertomarie, Reasons: 
89782856, queissovelyn, Reasons: 
294543084, Blitz_SG, Reasons: 
1454555298, llauralise, Reasons: 
2877482946, carmenmolina856, Reasons: 
2424939005, bru_simoess, Reasons: 
566477665, 63jabl, Reasons: 
22735041, weS2_, Reasons: 
456967347, Jagui_BlindKorn, Reasons: 
518550880, Seebaaa_OK, Reasons: 
489338559, bitchfork2, Reasons: 
832017793, gihespositomol, Reasons: 
857037450, NataliaH28, Reasons: 
186176035, amargoyoscuro, Reasons: 
2768191636, O92BKH, Reasons: 
2444651905, cargushoy320, Reasons: 
138917366, Iraidita_Rojas, Reasons: 
314750426, Zetochu, Reasons: 
788142817, expectovoraz, Reasons: 
2789019713, stylesdoravel, Reasons: 
186347172, FernandoV_mx, Reasons: 
2504248035, Brutaawn, Reasons: 
2737146503, MiguelC1609, Reasons: 
160321497, shippaney, Reasons: 
2574317554, _paynecruzes, Reasons: 
2701100270, Deals_td99c, Reasons: 
1288731193, redruthverdu, Reasons: 
237500856, LazyGirlOnF1, Reasons: 
198725145, GiihChristofano, Reasons: 
940295263, ClaraRoyal, Reasons: 
846257983, Marice0428, Reasons: 
185345389, XioalexisM, Reasons: 
2284202827, najulhia, Reasons: 
846257983, Marice0428, Reasons: 
519605628, TCLucerito, Reasons: 
498276259, IviiFle, Reasons: 
2262071496, Willian_Backes, Reasons: 
543866456, elianatriches, Reasons: 
601313860, PosdataPolitica, Reasons: 
232980617, Rociiiii, Reasons: 
94650163, Xtrema1013, Reasons: 
203061720, nothinglikejb, Reasons: 
2701100270, Deals_td99c, Reasons: 
1943009767, liviaduart3, Reasons: 
218691447, vozdeiztapalapa, Reasons: 
2778045585, apenaslizz, Reasons: 
518006250, MahyaouiAli, Reasons: 
2490840955, DiablaCai, Reasons: 
341659824, esmeraldarodr25, Reasons: 
352732575, Rafaaaa_alves, Reasons: 
346545533, loyolafernando2, Reasons: 
490024876, KeniBautista, Reasons: 
1388167273, priscilaaaa_14, Reasons: 
2565020147, 05Patricialopes, Reasons: 
2260230012, d00ggie, Reasons: 
200905177, IrenitaTralara, Reasons: 
166722565, LuciaSire0, Reasons: 
2562105076, LorenzoCaballe8, Reasons: 
1403754944, NicoPrigione, Reasons: 
41198763, butdebora, Reasons: 
1663039752, 78sblalv, Reasons: 
308153782, lenisoares_, Reasons: 
2431971506, NudeMilf, Reasons: 
846257983, Marice0428, Reasons: 
2493146922, wyznanie, Reasons: 
342499121, _eaegui, Reasons: 
326684160, ProImobilGrup, Reasons: 
1545817212, JamiGuillen, Reasons: 
1365227892, magoamateur, Reasons: 
846257983, Marice0428, Reasons: 
240929272, florenciaamado2, Reasons: 
2813547768, DaliBrian, Reasons: 
365294659, sebastiaanalarc, Reasons: 
1976454968, stefanyandade, Reasons: 
2597461711, teemanager, Reasons: 
327401364, Irene_pl92, Reasons: 
988821158, 5SecondsViadage, Reasons: 
2670441535, MaverikCareers, Reasons: 
22055137, ibosim, Reasons: 
244526203, HorarioDeVerano, Reasons: 
248402525, MaryColvard, Reasons: 
1561912986, Naath_Andrad, Reasons: 
2154627132, MartinHess81, Reasons: 
100124010, katatonicbitch, Reasons: 
2313993199, giovannamdsr, Reasons: 
1539087548, livefor_nialler, Reasons: 
537121113, EricMilan14_, Reasons: 
261550617, GabrielMascagna, Reasons: 
547839306, eloycam2012, Reasons: 
1546290558, LautaroMujiica, Reasons: 
2272918700, AlexiusToday, Reasons: 
2283929672, Mr_Almighty064, Reasons: 
48669035, Vanlooyalfas, Reasons: 
335506902, __alguien__, Reasons: 
189413232, nigeriannn, Reasons: 
146598249, pornotvd, Reasons: 
852533246, vampyCATman, Reasons: 
226266517, EmilseAraoz, Reasons: 
2383194261, Drewgozador21, Reasons: 
2446084796, quoteslarrys, Reasons: 
2351972042, lateralface, Reasons: 
169424852, Nosotras_com, Reasons: 
1447230008, DronenaVE, Reasons: 
1594670868, Jes_Dreams, Reasons: 
846257983, Marice0428, Reasons: 
281588082, UfiOfertas, Reasons: 
2527185205, VinylMediaUK, Reasons: 
2529070063, DiamondSeNi, Reasons: 
313610467, BrunoTrusso, Reasons: 
479563433, trissi_TW, Reasons: 
1403808127, austnojinho, Reasons: 
846257983, Marice0428, Reasons: 
225130240, janirecobain, Reasons: 
197922102, onucolombia, Reasons: 
2366410560, HoyEliDenuncio, Reasons: 
595194665, CarlosRodax, Reasons: 
2207667379, LaTuberculo, Reasons: 
15483831, clauteo, Reasons: 
2746126789, maguortiz3, Reasons: 
567289752, onfireforjb, Reasons: 
189729029, MarianoBJ7, Reasons: 
371936955, Miguel_Soto89, Reasons: 
19673888, NewburghRestora, Reasons: 
1188104953, bubarodrigues, Reasons: 
2369435460, rellousuzan, Reasons: 
528538050, ziamlacra, Reasons: 
1099954284, pietroorocha, Reasons: 
328224545, TWITADOR_BR, Reasons: 
274504925, suzanachaud, Reasons: 
870571668, rodriaguirre2, Reasons: 
970466714, luvmy_youtubers, Reasons: 
153773548, riffrico, Reasons: 
715515796, msnuelle, Reasons: 
164660013, Seer_7, Reasons: 
322817645, cheesefoodtruck, Reasons: 
1256703763, BouiGill, Reasons: 
2566076884, demetriaousada, Reasons: 
1698319940, yRaul_, Reasons: 
1879996478, thaupretko, Reasons: 
923367768, unpibemaligno, Reasons: 
606619472, adri_chaparrita, Reasons: 
538233212, G_silva_, Reasons: 
400770588, Pooxa_Nessa, Reasons: 
461797071, minhkhoa89, Reasons: 
195027275, Gudebiia, Reasons: 
240747700, maiconsoousa, Reasons: 
2262622103, joshuabundudo, Reasons: 
2541555645, yamizando, Reasons: 
543424487, es12_m, Reasons: 
2846038217, paulaomarXs13, Reasons: 
543717465, lettertomarie, Reasons: 
104345517, uiqdlcnaat, Reasons: 
2786418065, perinx, Reasons: 
1436576150, CYRUSURPRESA, Reasons: 
225201828, Jackie_Cruz03, Reasons: 
391958021, Fliperfefo, Reasons: 
1539825056, austnzmahone, Reasons: 
282120788, UnTiponirico, Reasons: 
1875506292, rigobert_unefm, Reasons: 
1022647219, tordovivo, Reasons: 
2863577750, yosoytampico, Reasons: 
471613203, maxipeyla, Reasons: 
161070074, massk8, Reasons: 
281218227, lamejorvivienda, Reasons: 
209151674, Betaf1KR, Reasons: 
182359808, maurozuamy, Reasons: 
39824661, palermobakery, Reasons: 
2813544541, LegalteamBCN, Reasons: 
18811870, mammafoodie, Reasons: 
2205957907, demiftgillete, Reasons: 
436172247, taniacivico, Reasons: 
528966198, Chula_Carp, Reasons: 
71071533, INGRIDROLDAN, Reasons: 
2686273999, buudogui, Reasons: 
107143111, zara2ua, Reasons: 
2768933868, lukitasskate5, Reasons: 
127299407, OneITro, Reasons: 
111249239, malugove, Reasons: 
802752506, Belen__Lencina, Reasons: 
2489031121, ScarletSpiderII, Reasons: 
589936316, carandtecno, Reasons: 
19541678, autofacil, Reasons: 
1004272939, larrycaotico, Reasons: 
20952174, Timpul, Reasons: 
211284915, caoritotorres, Reasons: 
2425485722, AuroraJobs_, Reasons: 
995946464, vampirodeforks, Reasons: 
135297953, Giiu_liano, Reasons: 
1555639304, miki_na_spidu, Reasons: 
2308768695, suckshooran, Reasons: 
467635799, DeborahOrla_, Reasons: 
232042761, Arthur_Biel1, Reasons: 
923367768, unpibemaligno, Reasons: 
49224222, Thejca87, Reasons: 
974422958, BESIDEYOULARRY, Reasons: 
2849201024, Diamond_mdfk7, Reasons: 
517853896, thayanegiraldo_, Reasons: 
2363088450, bbcnewsok, Reasons: 
108104385, ToCarlosMucho, Reasons: 
2199860300, tomm0sorvete, Reasons: 
1514593068, harryconfuso, Reasons: 
345560492, Elii_Floorees, Reasons: 
254341146, MalenaUrquia, Reasons: 
579254556, nathanegao, Reasons: 
717337053, sanagustin_alm, Reasons: 
69727029, JadoreA_lexis, Reasons: 
277204907, RobertDeglane, Reasons: 
993835382, AggusFernandezz, Reasons: 
105577218, flavi4nne, Reasons: 
380417095, LimaAdrielli, Reasons: 
2840229058, lovorov_list, Reasons: 
236602067, elsoldepuebla1, Reasons: 
111703703, CyborgReporter, Reasons: 
129905415, enlineadeportiv, Reasons: 
55560638, chloroformgiirl, Reasons: 
735442952, CentralAsiaProg, Reasons: 
302995683, ViAristides, Reasons: 
233653882, DonDario20, Reasons: 
2482387541, TrisArmySp, Reasons: 
1456397977, maulet65, Reasons: 
329966533, batmassa, Reasons: 
913161650, milagro29774367, Reasons: 
242906442, MarianaEtchart, Reasons: 
466379760, Petroski_Jessik, Reasons: 
1428797154, sereiadotiete, Reasons: 
385672285, isinhacorreia_, Reasons: 
2297226972, BeluLofiego, Reasons: 
2808507819, FaCuNdOxD10, Reasons: 
2837134404, troydder, Reasons: 
1398455556, ContradictoOK, Reasons: 
131805687, maririn3104, Reasons: 
250459343, juanalajirafa, Reasons: 
2320785660, Nicoli_Matter, Reasons: 
2654923357, Aide_Cast, Reasons: 
2263845262, emelynaomi22, Reasons: 
1324744429, sweetlouisbear, Reasons: 
1134490507, ReporterNTV, Reasons: 
1539825056, austnzmahone, Reasons: 
2835103786, MiAyotte, Reasons: 
2419591266, byg_rwr, Reasons: 
135803609, Daniel19930531, Reasons: 
2461036984, ZIAMALOKEIRO, Reasons: 
253495504, pguerenabarrena, Reasons: 
1695524808, Sabuoncristiani, Reasons: 
614523097, CDDglobalSalud, Reasons: 
265650406, Slammin_Sammy23, Reasons: 
240758898, Argavic, Reasons: 
2377647103, ZQPNoticias, Reasons: 
412772229, Trompeta_SME, Reasons: 
2765960941, fms_extremadura, Reasons: 
2782899997, mimimicalebe, Reasons: 
620938621, Anndjili, Reasons: 
2829536729, wad14_mtatu, Reasons: 
1897445448, Crna_Maska, Reasons: 
433100255, KBrun_98, Reasons: 
111173644, emilioacualon, Reasons: 
1572922406, bixadohazza, Reasons: 
389117134, LeiiChapo, Reasons: 
923367768, unpibemaligno, Reasons: 
262916486, SusanaRobles4, Reasons: 
128417628, trixandtrax, Reasons: 
494230311, RaqquelSaez, Reasons: 
979557918, adriano_rinaldi, Reasons: 
2455658273, lukifford, Reasons: 
2523435893, FranFebles78, Reasons: 
2225115144, BIEBERVEADO, Reasons: 
549519592, MoyetonesMarcos, Reasons: 
179800022, paulelipseen, Reasons: 
169015370, BebopExperience, Reasons: 
2230434420, candidar22, Reasons: 
729756685, falaaejuju, Reasons: 
855318764, HoranConda_1D, Reasons: 
802752506, Belen__Lencina, Reasons: 
1467565364, TalentPoolHub, Reasons: 
335355334, AGENCIAPANDI, Reasons: 
629589283, 69justenb, Reasons: 
382633457, PlataMoratalaz, Reasons: 
311133114, MaxiBregliaa, Reasons: 
410091536, Sammygirl1205, Reasons: 
1687035188, DenysMekhdiyev, Reasons: 
519484548, avrilR5, Reasons: 
958322550, seungrish_, Reasons: 
1630118696, Agatha_prince, Reasons: 
366398947, TravelerZone, Reasons: 
144049067, luzelena_ce, Reasons: 
301640795, AndelyCastillo, Reasons: 
390012530, SirDiegoChi, Reasons: 
211175653, jooh_96, Reasons: 
141529519, Jeff_088, Reasons: 
2458540790, qennin53, Reasons: 
1623745556, Ray_Spricigo, Reasons: 
141353966, Vodkaffeine, Reasons: 
211294453, nicodaigle, Reasons: 
1536520849, agustina_love98, Reasons: 
129605440, noprayback, Reasons: 
374787271, viviani_anny, Reasons: 
771807217, MOJITOBIEBER, Reasons: 
1271097066, GunsNRoses0490, Reasons: 
274592163, eduardasophia01, Reasons: 
514836974, MacarenaRayu, Reasons: 
2491480609, melancholydolls, Reasons: 
2682666289, ideadigitalwsi, Reasons: 
280086130, ratacoladera, Reasons: 
42349980, J_Petrovski, Reasons: 
465089175, jakimartinez22, Reasons: 
568662567, 2012luciano12, Reasons: 
573170426, ClaudiaDogar, Reasons: 
2207667379, LaTuberculo, Reasons: 
2770174095, edfabul, Reasons: 
1487930622, ManyouRoman_1, Reasons: 
179521823, HugoAccardi, Reasons: 
436851858, p0rraSw4g, Reasons: 
542242651, patpatriciagood, Reasons: 
273493871, JustKath_, Reasons: 
278265685, clarapinsard, Reasons: 
1613377453, SanchezgPamela, Reasons: 
13294352, cart00n, Reasons: 
2560314774, cannabista_4i20, Reasons: 
485162200, JRAranda, Reasons: 
168842074, lorissmedina, Reasons: 
280554588, pqjguilherme, Reasons: 
449249071, Max_ACL, Reasons: 
17287251, Godivaciones, Reasons: 
198119566, 3104JUN2618, Reasons: 
632889351, dguillen96, Reasons: 
211046361, Okferp, Reasons: 
106050908, albato56, Reasons: 
2244871888, AlmenaraBeatriz, Reasons: 
271152182, fuckinggchoice, Reasons: 
1878851323, oby_wan, Reasons: 
409988834, isakattlen_, Reasons: 
2844819533, JJanuaryKrasnof, Reasons: 
2720160127, danieldimaraap2, Reasons: 
850723885, ondacro, Reasons: 
1115726204, carolina311217, Reasons: 
1099483014, milubrasich, Reasons: 
225201828, Jackie_Cruz03, Reasons: 
2712581166, CUStudentHealth, Reasons: 
587060118, la_iguanatv, Reasons: 
2839116460, hwnnsh, Reasons: 
2432594419, VolpatoAliny, Reasons: 
272107710, Gaby55Jaque, Reasons: 
162946194, dariorodrigoa, Reasons: 
51368107, Leocrf, Reasons: 
817585783, JELENAPRAY, Reasons: 
737468838, FarleyFelipe1, Reasons: 
2466035070, Store_Club_Fan, Reasons: 
2413346660, yorche28, Reasons: 
536603721, makethemdoors, Reasons: 
519950036, BuendiaEstefa, Reasons: 
2540383376, flaviacampelo_, Reasons: 
276687848, lacostadelzc, Reasons: 
2193129376, theflashgrantvd, Reasons: 
267947342, fernandagaya, Reasons: 
2680178778, SrHelos2, Reasons: 
528538050, ziamlacra, Reasons: 
508166047, pridethi, Reasons: 
2208219497, __alealmeida83, Reasons: 
112571817, mandy140785, Reasons: 
563112028, chocoxjulie, Reasons: 
2431885146, HottestHorny, Reasons: 
457757055, kostka22, Reasons: 
627096459, BrianNoro, Reasons: 
2786293249, Allan_Escarela, Reasons: 
2548395763, manzanandroid, Reasons: 
26420906, DRobCO, Reasons: 
2199860300, tomm0sorvete, Reasons: 
276594105, elenaaasan, Reasons: 
146649528, Moiacevedo, Reasons: 
979411950, fonsecaguiii, Reasons: 
1173373766, Cesar87M, Reasons: 
155344776, WestphalenW, Reasons: 
2388395628, creacion02, Reasons: 
1403808127, austnojinho, Reasons: 
1865750108, marshyukk, Reasons: 
1663687496, Juancbaigorri, Reasons: 
1288718971, anabelmerinosu, Reasons: 
254233183, Aid_Rostov, Reasons: 
2716515327, Katherine_BAC, Reasons: 
2482591894, luivilag, Reasons: 
1460936802, browser___, Reasons: 
1331352666, bacon861, Reasons: 
323284871, cwbluc, Reasons: 
1390099783, fmcuoficial, Reasons: 
2543531736, tiutiucionela, Reasons: 
92218811, zame47, Reasons: 
1069771542, _LadyTroubles, Reasons: 
2724794446, Oliverbeea_, Reasons: 
320450905, juuu_o, Reasons: 
572758699, zaindigo, Reasons: 
616532692, HeyisEmily, Reasons: 
363061154, burqalicious, Reasons: 
227252358, ferpenasan, Reasons: 
608355829, ActualHispano, Reasons: 
626464675, oMIRUKUo, Reasons: 
178358078, Young__Binho, Reasons: 
492532477, Sergio_Stone, Reasons: 
539326021, ActualLatam, Reasons: 
2231543654, Legenda_ULA, Reasons: 
2787718976, albertodarker, Reasons: 
247205205, anunturitop, Reasons: 
178683331, LuciImnotOk, Reasons: 
2573367492, stgotravel_es, Reasons: 
183664445, puranoticia, Reasons: 
2471023434, klebsmachado, Reasons: 
527841998, 50lahora, Reasons: 
706034182, Kaunaz24Lozano, Reasons: 
272591436, Tkass_, Reasons: 
1410983444, perfxmatt, Reasons: 
2532107704, stylinsonfodido, Reasons: 
58299015, youngjaelous, Reasons: 
68524439, drigowdantas, Reasons: 
2773570108, ChitoVera, Reasons: 
538399250, AguiarPonce, Reasons: 
426573942, Amo_Bragadeiro, Reasons: 
980666089, Yogurberryvzla, Reasons: 
284139332, mulheresafoder, Reasons: 
2553115981, whysalvatorez, Reasons: 
260998338, baekun_, Reasons: 
2799079666, pudinhalemos, Reasons: 
315264724, drewcarente, Reasons: 
296033134, pastor_argenisH, Reasons: 
133446868, maRkiim02, Reasons: 
23331591, LSande, Reasons: 
269534849, ropewin, Reasons: 
2837211183, camaleonsP5, Reasons: 
118212497, briocodevodka, Reasons: 
80119393, eltiempoblogs, Reasons: 
137837247, GatoradeVzla, Reasons: 
855717674, eginhu, Reasons: 
1945571258, InfanciasConVoz, Reasons: 
74565328, porraquell, Reasons: 
612502336, Tiru_Bear, Reasons: 
1498440672, putzdanni, Reasons: 
962967950, Filial_JDMoron, Reasons: 
1535151504, E_eriato, Reasons: 
101645319, pablocabra, Reasons: 
2764841165, ifranamaral, Reasons: 
357742193, Viejis39, Reasons: 
255149177, natashamelo_, Reasons: 
143257309, ASYMUL, Reasons: 
1338929472, dsttinyhope, Reasons: 
1204021645, martin_auxi, Reasons: 
391653061, DarrellMussatto, Reasons: 
17241037, sandroaurelio, Reasons: 
84974908, biiichuz, Reasons: 
2874999559, W_ern_herEm_ma, Reasons: 
408836758, wowsomerwesley, Reasons: 
20621700, rschlec, Reasons: 
2601076323, itsfuckingBTS, Reasons: 
1398455556, ContradictoOK, Reasons: 
2199860300, tomm0sorvete, Reasons: 
198246179, ipandas182, Reasons: 
399789508, LeoMcVilla, Reasons: 
817585783, JELENAPRAY, Reasons: 
384441561, ElGranFector, Reasons: 
2572929130, MujerRs21, Reasons: 
127134813, 3104love3103, Reasons: 
2597461711, teemanager, Reasons: 
312049194, Kariinaax5, Reasons: 
354046429, Flakitokaponi, Reasons: 
985697294, LaloMtz92803115, Reasons: 
105406173, deeeelfe, Reasons: 
395587786, diasraquel2, Reasons: 
476258341, FitbitSupport, Reasons: 
178767488, tvchago, Reasons: 
2252341145, cpergin, Reasons: 
362117662, NectarioCorzo, Reasons: 
318154403, WhatTheFuckRulz, Reasons: 
2472594009, Gabidiasss, Reasons: 
390905541, aztk66, Reasons: 
2685660906, kapanguerokapan, Reasons: 
634223289, VivoEnLeon, Reasons: 
626543703, diegorossocat, Reasons: 
207515667, larryzlox, Reasons: 
2202645171, Gloeduar, Reasons: 
605811100, pxlins_, Reasons: 
2462110956, Biebercovery1, Reasons: 
2732097387, Lua_Bernardino, Reasons: 
2390345857, SeaLionBrigade, Reasons: 
319691154, dayannaa12, Reasons: 
298006687, MeryHustler, Reasons: 
2330861580, DictaduraVe, Reasons: 
120307642, AndreaOrfanoz, Reasons: 
726604014, Paulovacreso, Reasons: 
2834423633, AngustiasHers, Reasons: 
1322071981, fmasaki0822, Reasons: 
1152912127, Danerbrownpride, Reasons: 
274174655, roberttomelitto, Reasons: 
866375323, JoanaCargaleiro, Reasons: 
2261159566, mellosjuliana, Reasons: 
2387349494, ex4usta, Reasons: 
1753601437, delfina_aguirre, Reasons: 
2759226967, SalaSitLara, Reasons: 
2810594529, teandie, Reasons: 
246434084, Serjx, Reasons: 
1345851210, Rociopoggi1, Reasons: 
27886692, rmckinney9, Reasons: 
1962190933, echemosles, Reasons: 
1638541250, lovmyashti, Reasons: 
356989023, Lelecoguy, Reasons: 
178767488, tvchago, Reasons: 
167966582, ObiectivSuceava, Reasons: 
541226622, Vladancor, Reasons: 
1881271682, erickcorrea15, Reasons: 
2786048007, machocien14, Reasons: 
2788295847, Mark_Silver_, Reasons: 
1323089786, Shay80943, Reasons: 
452483802, UldisLasmanis, Reasons: 
1345464661, PepeDracma, Reasons: 
435249460, garotadobaby, Reasons: 
233772726, Fraanqoo96, Reasons: 
102329524, lumeaseoppc, Reasons: 
140808933, semro, Reasons: 
2202149779, biaaloppes1, Reasons: 
146993749, JobeCRF, Reasons: 
350407211, ronaldgavilan, Reasons: 
127683724, MissJulepina, Reasons: 
1009719913, _thaynamorais, Reasons: 
2274728964, aureliobabiloni, Reasons: 
2787718976, albertodarker, Reasons: 
322376719, kismetq09, Reasons: 
1868909839, E_of_Everywhere, Reasons: 
115425973, fednat, Reasons: 
2842269998, haziqzakwann, Reasons: 
55611872, thiagoluiz1, Reasons: 
294985252, nhocconiubi, Reasons: 
2801175043, Yumeshimee, Reasons: 
2716707508, ignoradaa, Reasons: 
106568434, DesireeSanz, Reasons: 
1624165896, brunacc_, Reasons: 
1228487161, selenabanshee, Reasons: 
55044659, isawrluna, Reasons: 
178400749, lailasng, Reasons: 
269074607, aimeelugarcia, Reasons: 
108104385, ToCarlosMucho, Reasons: 
2199860300, tomm0sorvete, Reasons: 
2717521922, sergiobezares7, Reasons: 
1519687621, planEIR, Reasons: 
83928181, crvena_lampica, Reasons: 
180256909, werita92, Reasons: 
1247516533, everneedziam, Reasons: 
22055137, ibosim, Reasons: 
2179230855, MyJ1999, Reasons: 
301758033, HUIX_2012, Reasons: 
335544545, GonzalesAustin, Reasons: 
2805360787, BlogtruyenMe, Reasons: 
273172319, Joaoctc_, Reasons: 
178767488, tvchago, Reasons: 
1871731357, EvertonC77, Reasons: 
2164924028, vilvoh, Reasons: 
203306354, solivzlacuba, Reasons: 
377026748, adamovizzle, Reasons: 
285304276, Sergio331, Reasons: 
2831034088, 7_lmb, Reasons: 
2836320604, wildestdrieams, Reasons: 
2812229405, coxinhadohoran, Reasons: 
443988782, heavy_lift, Reasons: 
2768215824, JesuelSPFC11, Reasons: 
1678552717, dylanputona, Reasons: 
508131314, lucas_lira, Reasons: 
267876637, serchohj, Reasons: 
285636815, kikstlaq, Reasons: 
1723525314, ericoolek, Reasons: 
2431968716, AsianPornX, Reasons: 
202804880, M4URIClO, Reasons: 
245692122, InformeseYa, Reasons: 
231856701, PaaDiniz, Reasons: 
2199860300, tomm0sorvete, Reasons: 
1424415607, fehhsampaio, Reasons: 
204102653, Gabri_Fernandez, Reasons: 
484888338, cecilia_997, Reasons: 
859291112, DueTien, Reasons: 
806192250, NeyValero_, Reasons: 
1395762878, uncrotobienloco, Reasons: 
27946970, MyNameisGagaaa, Reasons: 
2831390644, Abu_Geo, Reasons: 
77098622, Melodotrack, Reasons: 
1559051570, BogdanRemix, Reasons: 
140960901, biielo_, Reasons: 
2361623269, SusanMaylone, Reasons: 
178767488, tvchago, Reasons: 
8889092, felipeaguilera, Reasons: 
2714505298, marple_j, Reasons: 
483180552, beatrizamenedo, Reasons: 
907738670, ProBraila, Reasons: 
313058159, MarcusYYZ, Reasons: 
616498827, NoeliaCampillo1, Reasons: 
979213868, tweetruly, Reasons: 
2871898676, El_Aullador, Reasons: 
629667708, 98Damin, Reasons: 
355699385, loba_karen, Reasons: 
117490103, mariibazilio, Reasons: 
474264281, stylescachinhos, Reasons: 
1109518555, chupapajita, Reasons: 
1413756006, halderdrew, Reasons: 
2842918383, lucasalves_000, Reasons: 
2413362272, MoraleSolange, Reasons: 
144040279, pol_morales, Reasons: 
313755584, juliotepeu, Reasons: 
2463109588, Fleur2108, Reasons: 
1244360768, adoropallavolo, Reasons: 
110330987, andres_hdez, Reasons: 
2279772938, lMarquesMatheus, Reasons: 
285170444, aleeecabello, Reasons: 
2810757463, LovegirlMckee, Reasons: 
368366554, locoporcolocolo, Reasons: 
2288893993, Moroo08, Reasons: 
178505347, liviazottele, Reasons: 
64889712, PauliMur, Reasons: 
178767488, tvchago, Reasons: 
2699295919, Cory_KIR, Reasons: 
203103993, JaRealistka, Reasons: 
1161693403, GoKartBqto, Reasons: 
2268907178, 23Bred, Reasons: 
2198451453, Ragachica, Reasons: 
180952043, jubrocanelli, Reasons: 
2674054289, nildaramos0405, Reasons: 
435107650, noecon02, Reasons: 
2529070063, DiamondSeNi, Reasons: 
554990671, retardedneko, Reasons: 
2320238079, damonlizando, Reasons: 
2440516740, celeemendez2, Reasons: 
2468349213, MarisooL96, Reasons: 
1106333046, VirginieM35, Reasons: 
985697294, LaloMtz92803115, Reasons: 
491757531, Lucas112131, Reasons: 
2749652501, luisferperez77, Reasons: 
2513460271, All_Jobs_, Reasons: 
353223254, DonGatoBikes, Reasons: 
466526080, Oh_Britto, Reasons: 
275539504, SmiledNiall, Reasons: 
322376719, kismetq09, Reasons: 
1252973911, Ju_levine, Reasons: 
393553177, fifth1d, Reasons: 
2530580652, Grancafetortoni, Reasons: 
1482482737, koyonSJ, Reasons: 
2801175043, Yumeshimee, Reasons: 
2716707508, ignoradaa, Reasons: 
1033370036, LaalaRodrigues, Reasons: 
322764178, Feeh_loop, Reasons: 
375089997, TootlecDeluxe, Reasons: 
1106189586, livingsehun, Reasons: 
628618107, moveswarrior, Reasons: 
452483802, UldisLasmanis, Reasons: 
1312200139, knappyvw, Reasons: 
258070058, urwizarding, Reasons: 
193016920, emecruz_, Reasons: 
1350322404, lilousado, Reasons: 
45879674, mycuboulder, Reasons: 
2242761044, Dervisevicka2, Reasons: 
178767488, tvchago, Reasons: 
2332197519, RichRickDiabolo, Reasons: 
1431884610, diverjogos, Reasons: 
2874601416, alvarogustavot1, Reasons: 
2830643044, itacaformacion, Reasons: 
2719632735, Prevail_Raze, Reasons: 
2735341414, AmorteLaura, Reasons: 
1868909839, E_of_Everywhere, Reasons: 
2741132230, SatrianeJoe, Reasons: 
575509347, Allain_Grisel, Reasons: 
2653705652, Henriquem11, Reasons: 
305250162, paulafreiberger, Reasons: 
1332646764, Coruna42, Reasons: 
1583179584, dramaustica, Reasons: 
626043950, needtholari, Reasons: 
2874075427, Andrea09Morales, Reasons: 
576391811, jhernandez347, Reasons: 
40460869, kissfm977, Reasons: 
577424669, VincentCopas, Reasons: 
995195034, withpocahontas, Reasons: 
1516728548, rlazaro_22, Reasons: 
1365327950, STEROLANDIA, Reasons: 
2159181391, thesweetlany_, Reasons: 
1921010220, dlucy_olro, Reasons: 
447669433, OrianaPinto09, Reasons: 
16726006, scriviazul, Reasons: 
1545314329, BarcelonaLab, Reasons: 
2743796625, jesufernande, Reasons: 
973797643, mat_kolog, Reasons: 
178767488, tvchago, Reasons: 
74812906, SoyMariaT_, Reasons: 
1286533753, bicispamer, Reasons: 
593718304, tompeira, Reasons: 
217482657, UtahDataPoints, Reasons: 
22597135, carloalcubo, Reasons: 
137279356, Chessman1386, Reasons: 
2231859307, CarlosO28859673, Reasons: 
