2334915224, rxw8glkb55n1, Reasons: default, 
2280119713, aod_mino, Reasons: default, no description, 
2881540574, BassamSaad99, Reasons: default, no description, 
2824840935, brianojobalik, Reasons: default, no description, 
2339211921, lajlk_emtnani, Reasons: default, 
2573363208, LO198631, Reasons: default, no description, 
1709342065, tynukilyrafu, Reasons: default, no description, 
2820214561, nas0o7, Reasons: default, no description, 
1336449156, alezbandom1, Reasons: default, no description, 
2840397030, tokoicora, Reasons: default, no description, 
2353046638, sm43334732, Reasons: default, no description, 
343303770, gurujeet212, Reasons: default, no description, 
2485948136, hikarin0331, Reasons: default, no description, 
2773274909, horoz343434, Reasons: default, no description, 
2639991434, DomaciTone, Reasons: default, no description, 
2257531772, vidusova_ira, Reasons: default, 
2260375065, sosoALaamri, Reasons: default, no description, 
184077950, Waterwinds, Reasons: no description, 
2292412951, F0228Kenya, Reasons: default, no description, 
2838744919, hkrwgu, Reasons: default, no description, 
911701272, 420Kenta, Reasons: default, no description, 
1717983282, 1484sug, Reasons: default, no description, 
2225177853, Arwa_172, Reasons: default, no description, 
2251191937, 19979226, Reasons: default, no description, 
2591107466, btiij1yf, Reasons: default, no description, 
2839621124, JunudulKhilafah, Reasons: default, no description, 
123350688, up1007j, Reasons: default, egghead, 
277103058, ssabang89, Reasons: default, 
623028744, c_men7, Reasons: default, no description, 
2382301807, a35skha1mh04db8, Reasons: default, no description, 
2748190085, uduzopire, Reasons: default, no description, 
116243118, nikitabu, Reasons: default, 
2190764259, pedrodmngz92, Reasons: default, no description, 
1079716748, assistantemate, Reasons: default, no description, 
2688991207, aryonnalvarado, Reasons: default, no description, 
2837886986, kyonyu1pww, Reasons: default, no description, 
2334915224, rxw8glkb55n1, Reasons: default, 
791956016, fa212313, Reasons: default, no description, 
977915887, SMARFreedom, Reasons: default, max followings, 
2495237482, ElLokoLuky, Reasons: default, no description, 
1639786945, bimalsh13324209, Reasons: default, no description, 
2537301549, heraslan79, Reasons: default, no description, 
2800257589, bluewave766, Reasons: default, no description, 
2875893115, nartovalera03, Reasons: default, no description, 
2319259570, koji970727, Reasons: default, no description, 
1706221675, e_rawya, Reasons: default, no description, 
2707623913, Matthew7Bruce, Reasons: default, no description, 
192848269, wanjiru1995, Reasons: default, no description, 
1128672416, SAPR2013, Reasons: default, no description, 
2427946460, foxman10000, Reasons: default, 
2378854513, dianne036, Reasons: default, no followers, 
98475136, marie_miney, Reasons: default, max followings, 
2730820038, s2_CALPIS_s2, Reasons: default, no description, 
2324865240, jessevillanue52, Reasons: default, no description, 
834986887, kaoripoiy, Reasons: egghead, 
2588102204, uxellw90, Reasons: default, no description, 
2831154393, b9h_gmn, Reasons: default, 
1271633833, MiniMai129, Reasons: default, no description, 
2240783210, nibyukillen, Reasons: default, no description, 
615913654, oiljully99, Reasons: default, no description, 
2483435547, akrm1980a, Reasons: default, no description, 
2225870004, sbskt1, Reasons: default, no description, 
2454406608, GoodsOFHobby, Reasons: default, no followers, 
1154852184, nj6g, Reasons: default, default, 
2547231658, HagoMuiy, Reasons: default, no description, 
2835461773, newsflash31, Reasons: default, no description, 
2634899520, stzo6ata, Reasons: default, no description, 
2819601595, tmllfcctdb, Reasons: default, no description, 
534430934, miguelangeloros, Reasons: default, no description, 
2844560985, irashanes, Reasons: default, no description, 
2383372887, To7obak, Reasons: default, 
1975182571, car_mechanic_r, Reasons: default, no description, 
2261482704, Alice_avaritia, Reasons: default, no description, 
836790865, namirap95546808, Reasons: default, no description, 
988074230, bignam57, Reasons: default, no description, 
2462061678, valent1n180791, Reasons: default, no description, 
1949755903, lotfygoneam, Reasons: default, no description, 
2597464376, wadaitter_net, Reasons: default, default, 
1402094611, nobu013013, Reasons: default, no description, 
2409784806, iabraham_19, Reasons: default, no description, 
2878869344, hjfhikkk, Reasons: default, no description, 
816707623, kinnaaa_, Reasons: default, no description, 
2325337885, _H1kari, Reasons: default, default, 
2319320122, fuziroku, Reasons: default, no description, 
2401843109, galyabdlh, Reasons: default, default, 
2264784812, alhuller, Reasons: default, no description, 
396737895, EngGarni, Reasons: default, no description, 
2711523384, se1ga, Reasons: default, 
1168649676, Shimarena_bot, Reasons: default, default, 
1168649676, Shimarena_bot, Reasons: default, default, default, 
2483254484, selu_exo9490, Reasons: default, no followers, 
2860231332, vusaladdin, Reasons: default, no description, 
605304458, LauraGAMAR, Reasons: default, no description, 
987418008, annettepalomo, Reasons: default, no description, 
2654975749, OsmanliOz, Reasons: default, no description, 
562217837, ShngYng, Reasons: default, no description, 
2805692688, Asunar_o, Reasons: default, default, 
1471656979, saleh_saif1, Reasons: default, no description, 
2211764432, arias_ayleen, Reasons: default, no description, 
2556897103, MariaNovik911, Reasons: no description, 
2180429578, heeemaaa77, Reasons: default, no description, 
2534729568, iqcyvyxjx, Reasons: default, no description, 
859930375, meemo108, Reasons: default, 
2364412590, kevromeru, Reasons: default, no followers, 
2281362776, hontoooo, Reasons: default, no description, 
2701087801, Quran_Doo3a, Reasons: default, no description, 
2672284950, i_alaa7, Reasons: default, no description, 
2320798867, aisite11, Reasons: default, no description, 
2150495786, amina_hano, Reasons: default, no description, 
2652409724, YourOfferz, Reasons: default, no description, 
2862443353, ukd3kym8, Reasons: no followers, 
2617387847, vladkanikolaeva, Reasons: default, 
718285551, abu_hassan1399, Reasons: default, no description, 
593553022, PubOld, Reasons: default, max followings, 
2519870083, sewamuwexamu, Reasons: default, no description, 
462995499, AliGisy, Reasons: default, no description, 
1776713527, Koreanurseli, Reasons: default, no description, 
927803094, PPetralla, Reasons: default, no description, 
2260562571, m_aboha_, Reasons: default, no description, 
326133043, greatybh, Reasons: default, no followers, 
376426343, DoesntMatterToU, Reasons: default, no description, 
810107496, rieskyputri, Reasons: default, no description, 
308476582, jesucita_mf, Reasons: default, no description, 
2201960200, abuyasser8888, Reasons: default, no description, 
2331234332, ducvinhbt, Reasons: default, no description, 
2767132180, 19look951, Reasons: default, egghead, 
2150944944, dobrynin_pavlik, Reasons: default, default, 
600789036, zaryft086, Reasons: default, no description, 
2450765512, alfarees_q88, Reasons: default, no description, 
2572660751, owebsogez, Reasons: default, no description, 
608229811, adeib_alkhm, Reasons: default, no description, 
2357723882, EloisaBals, Reasons: no followers, 
1875869851, RickPlume, Reasons: no description, no followers, 
2849840780, cab3914, Reasons: default, no description, 
1657593716, fh687, Reasons: default, no description, 
1897448426, whyhithere_1, Reasons: default, no description, 
2707900413, musa_hustler542, Reasons: default, no description, 
1978433593, ms0559334546, Reasons: default, no description, 
1062222384, pedrinhodila, Reasons: default, no description, 
2357505505, DonatoLouie, Reasons: default, no description, 
201128992, design987, Reasons: default, 
820879028, axax01axax, Reasons: default, no description, 
1267599265, OlveraXavier, Reasons: default, no description, 
2763568781, castror_castro, Reasons: default, no description, 
2693655752, filMGWV, Reasons: default, no description, 
400759117, iZezik, Reasons: no description, 
2881606302, aoManutsavee, Reasons: default, no description, 
1264207994, Isab1952, Reasons: default, no description, 
510595263, abu_yahya1421, Reasons: default, no description, 
494595252, RieSunga, Reasons: default, no description, 
2774828957, doganc50, Reasons: default, no description, 
2188275026, JELASSINADIA, Reasons: default, no description, 
737364164, DrBenaa, Reasons: default, no description, 
403329603, Tarasovo4ka, Reasons: no description, 
1064987810, zaxa20, Reasons: default, no description, 
2730820038, s2_CALPIS_s2, Reasons: default, no description, 
2877584336, JayVisuals, Reasons: default, no description, 
2496611899, ladasoos, Reasons: default, no description, 
543448136, Skyfahhhh, Reasons: default, no description, 
2791723214, _zet8_, Reasons: default, no description, 
372717220, 3ooooooooosh, Reasons: default, egghead, 
2326899528, shafiq62629872, Reasons: default, no description, 
1176930805, EslamHamdy2233, Reasons: default, no description, 
392923189, Coleallan2, Reasons: default, no description, 
2831494209, d2h6iiy0nmk, Reasons: default, 
2324377760, quhube23047, Reasons: default, no description, 
2338628892, KalebThiel, Reasons: default, no description, 
2484545083, yytt741, Reasons: default, no description, 
2500781929, tmxfzpxk, Reasons: default, no description, 
525195670, Lukasa_lai, Reasons: no description, 
406046763, t_t_t72, Reasons: default, no description, 
2792817474, crrrroonaldo, Reasons: default, no description, 
2547694052, hezenaqifig, Reasons: no followers, 
2526663385, olgaburchik, Reasons: default, no description, 
904750471, kazikazivrn, Reasons: default, no description, 
1585630182, gan_dam_fan, Reasons: default, no description, 
1284435498, abothamer007, Reasons: default, no description, 
2776740517, boris599, Reasons: default, 
1860776760, makam777, Reasons: default, no description, 
2865731676, mohamaad35a, Reasons: default, no description, 
2402477056, 392476696, Reasons: default, no description, 
2787484036, prsrcxex, Reasons: default, no description, 
2868536556, meadae33211, Reasons: default, no description, 
1275534428, negeditihopa, Reasons: default, no description, 
2784224610, PromoJuventus3, Reasons: default, no description, 
1953661122, newiran, Reasons: default, default, 
493453150, boxcarswag, Reasons: default, no description, 
2825696244, mgnoonnk4, Reasons: default, max followings, 
490182726, Silmirion, Reasons: default, no description, 
109514605, PlaZmiD, Reasons: default, no description, 
217359824, PavloGalayda, Reasons: default, no description, 
2151975578, 412shin, Reasons: default, 
398825868, i_love_boy16, Reasons: default, max followings, 
1220103348, AndrewsJoyce1, Reasons: default, no description, 
1627413092, LediIris2009, Reasons: default, no description, 
2265904074, jaarjateeranun, Reasons: default, no description, 
2839138609, 096hujihu, Reasons: default, no description, 
2278196653, shayma43, Reasons: default, no description, 
174425014, elpeta10, Reasons: default, no description, 
2752644152, hubalaasd, Reasons: default, no description, 
150632460, nagatyun, Reasons: default, no description, 
567453833, naraku_rin, Reasons: default, no description, 
1519481334, Amuri1990, Reasons: default, no description, 
2627705106, uhgpyw71, Reasons: default, no description, 
1417798052, MnicaVanesaYoln, Reasons: default, no description, 
2781976062, hameedland24, Reasons: default, no description, 
2844346821, SFanatix, Reasons: default, 
2790971882, otdpmluxue, Reasons: default, no description, 
1171496214, ohina30, Reasons: default, default, 
2447192294, ka501_, Reasons: default, 
2739938544, wgxpbu5w, Reasons: no followers, 
2158837289, ward5670, Reasons: default, no description, 
2343366014, alyhmoory2, Reasons: default, no description, 
2549036204, siroutoerodouga, Reasons: default, no description, 
2229872640, TrannyLadyboys, Reasons: egghead, no description, 
1620068672, SashaNovikow, Reasons: no description, 
2873070037, hotbody20, Reasons: default, no description, 
2773362820, Ana4466Asd, Reasons: default, no description, 
1543656644, husseinahmenghi, Reasons: default, no description, 
453192204, Mtnez_Marco, Reasons: default, no description, 
968300299, CarlosCuberoo, Reasons: default, no description, 
1563297542, Pimry_zaa, Reasons: default, no description, 
2571777006, Neutron_ID, Reasons: default, default, 
500306132, tgunz1975, Reasons: default, no description, 
2315019764, takesiiiiii, Reasons: default, no description, 
2358972146, sami_219, Reasons: default, no description, 
2838030506, abumetrek1, Reasons: default, no description, 
2380860602, Ruslan_2306, Reasons: default, no description, 
1480537284, mm99396, Reasons: default, no description, 
179011239, favstar1000_es, Reasons: default, no description, 
622587164, kanokpanbooncho, Reasons: default, no description, 
293704494, MpatimatM, Reasons: default, no description, 
2857005649, x4l6blv8cjf, Reasons: default, 
169896661, jaggu000, Reasons: default, no description, 
2868536574, ajaoida1241, Reasons: default, no description, 
408157404, PlohishMgn, Reasons: default, no description, 
252538000, alqutbani, Reasons: default, no description, 
730063315, SukhorukovArtem, Reasons: default, no description, 
2793894978, XXXAZCOM, Reasons: default, no description, 
498995625, Mika01188781, Reasons: no followers, 
2578795111, d1rty_ami, Reasons: default, no description, 
2467967378, natokan_m_bot, Reasons: default, 
324878705, Katiakikot, Reasons: default, no description, 
1375401853, TheWiteKenyan, Reasons: default, no description, 
1118360484, fsool_108, Reasons: default, no description, 
263872412, velikodnaya, Reasons: no description, 
2376130418, ian_kravitz, Reasons: default, no description, 
1093068258, amal_mohssen, Reasons: default, no description, 
756802842, Katya2998, Reasons: default, no description, 
408372636, memfice42, Reasons: no description, 
2686830012, a71279776, Reasons: default, no description, 
2392689019, oonukiyonezouk6, Reasons: default, no description, 
2605419956, Nwf1291, Reasons: default, no description, 
2881182482, ericajocelyn1, Reasons: default, no description, 
2703366978, kuncoro_R, Reasons: default, no description, 
1678477578, nicovip_bot, Reasons: default, no description, 
2454425413, GoodsOFAquarium, Reasons: default, no followers, 
1050118004, ahmadddd1409, Reasons: default, max followings, 
2836682042, pjsaofze, Reasons: default, no description, 
2525994846, kegysilixuvi, Reasons: default, no description, 
2855958704, AlondraSaucel, Reasons: default, 
2860305680, HealingTiger_3, Reasons: default, no description, 
2346396224, fertileutopia58, Reasons: default, no description, 
631950395, alinka_guryeva, Reasons: no description, 
2582946374, GhadaRothy, Reasons: default, 
2838276723, LesboBitch3, Reasons: default, no description, 
2512175737, ShahdQa, Reasons: default, no description, 
2879020471, 07askha, Reasons: default, no description, 
2461209102, shinkaigyogazou, Reasons: default, 
586019375, mayhemdeath1, Reasons: default, no description, 
2703707863, smartnews_tw, Reasons: default, no followers, 
1922822023, misr_tounes_yes, Reasons: default, no description, 
2841409146, supaoogiri, Reasons: default, no description, 
2835471376, ima_mohamed, Reasons: default, no description, 
2709905383, a_ammrr, Reasons: default, no description, 
2612018544, zsvpw4pp, Reasons: default, no description, 
2422420262, SergejPopov3, Reasons: default, no description, 
598461925, abdou1934, Reasons: default, no description, 
2772422769, SmoothElena, Reasons: default, no description, 
1567636135, YesCompanu, Reasons: default, no description, 
247659237, daisyboo2007, Reasons: default, no description, 
1320625490, MaqsudErgashev, Reasons: default, no description, 
2513002699, uriko222, Reasons: default, no description, 
376095236, Saiiilom, Reasons: default, no description, 
2829364771, iiis_rinrin, Reasons: default, no description, 
2785171005, imstevenu, Reasons: default, no description, 
2245645993, NarutoFamily2, Reasons: default, no description, 
138189079, lolfunlife, Reasons: default, no followers, 
2797995804, kaiware_kashi, Reasons: default, no description, 
132566019, yozoony, Reasons: default, 
1272887132, XLGK, Reasons: default, no description, 
2836419131, teabouwa, Reasons: default, no description, 
1900320493, NJGfreesmsalert, Reasons: default, no description, 
2790679601, LindseyEasterl1, Reasons: default, no description, 
2713100648, Yothydeals87, Reasons: default, no description, 
236356104, dhlkrpkt, Reasons: default, 
2603757277, 1207Dsdd, Reasons: default, no description, 
1655141347, ooogjooo, Reasons: default, no description, 
1952446369, RosalbaocRosal, Reasons: default, 
2578923907, Alsatoor20021, Reasons: default, no description, 
160088510, Nikkistraces, Reasons: no followers, 
2356824497, RrrUm3li, Reasons: default, no description, 
617177121, kyroxtin, Reasons: default, no description, 
2839521090, pcs1vmpl, Reasons: default, no description, 
2614447880, 004yleady, Reasons: default, no description, 
1873135458, 83jamz, Reasons: default, no description, 
2836500687, riocrisl, Reasons: default, no description, 
2419364504, ksa055977, Reasons: default, max followings, 
2830319546, iuy0w0g4, Reasons: default, no description, 
2854129082, _FWNN_, Reasons: default, no description, 
2816127876, ItunesJoana, Reasons: default, no description, 
2845711720, Vanilla_exe, Reasons: no description, no followers, 
2581385184, SsswwwS, Reasons: default, no description, 
2454268368, GoodsOFAndroid, Reasons: default, 
2829868705, yoqi5ur0, Reasons: default, no description, 
2610240236, darrenbanks70, Reasons: default, no description, 
490898371, aa9968, Reasons: default, no description, 
1381829622, annasofea91, Reasons: default, no description, 
2682392916, zainbb1, Reasons: default, no description, 
2799552130, wepynk, Reasons: no followers, 
2828709619, AfricaNews_, Reasons: default, no description, 
1889302728, JoshuaLemmond, Reasons: default, no description, 
2447833844, h_5008171, Reasons: default, no description, 
2830552190, SH281412, Reasons: default, no description, 
2171373509, 2Ss222ss, Reasons: default, no description, 
782314999, Ptashkavnebe, Reasons: default, no description, 
1660742893, feelmylove12, Reasons: default, no description, 
2856548240, hamade1200, Reasons: default, no description, 
548427416, dr_maged7, Reasons: default, no description, 
1328987538, S0906R, Reasons: default, no description, 
2231152089, klood_top, Reasons: default, no description, 
2775320433, DobosMiranda, Reasons: default, no description, 
2835122581, FAVHACKER, Reasons: default, 
1546453147, 76Josef, Reasons: default, no description, 
2849923039, Beata0Brown, Reasons: no description, 
2802409249, erklaerbaer21, Reasons: no description, 
449987123, falzo8, Reasons: default, no description, 
2780722638, VIPFAV, Reasons: default, no description, 
246801525, Nature_xax, Reasons: default, no description, 
234144006, Sinanaga64, Reasons: default, no description, 
1550103523, JoyCoker1, Reasons: default, no description, 
315918041, TolgaYnsk, Reasons: default, no description, 
2587391474, MySugar_1122, Reasons: default, no description, 
487274178, rayanym1, Reasons: default, no description, 
728421680, MuhanadFS, Reasons: default, no description, 
499386443, cadam_dam, Reasons: default, no description, 
1048495362, sa7ralain, Reasons: default, no description, 
2586499910, psjggept, Reasons: default, no description, 
895122654, ywj5419, Reasons: default, 
2475871556, tarlochan219, Reasons: default, no description, 
2537597803, halyznajwa, Reasons: default, no followers, 
2698529738, FernandaFlipar, Reasons: default, no description, 
395508437, Jize_Yang, Reasons: default, 
968736222, oppls49, Reasons: default, 
562337887, _ivantsov, Reasons: no description, 
2568703208, RastgooMandana, Reasons: default, no description, 
2435029561, M_HomeDesign, Reasons: default, no description, 
2447620746, algarrbi111, Reasons: default, no description, 
1544187776, RuhiSakman, Reasons: default, no description, 
1583979942, byhakadijygo, Reasons: default, no description, 
346460653, Zahid168, Reasons: default, no followers, 
581663530, Israr_Ahsan, Reasons: default, no description, 
2816105269, zettaigal, Reasons: default, no description, 
2158814687, 5hane67, Reasons: default, no description, 
2489830885, BANZAI13024256, Reasons: default, no description, 
547475036, Zonvakantie4you, Reasons: default, no description, 
2780684970, WB_Arabic, Reasons: default, 
1289207430, um_marwa13, Reasons: default, no description, 
2877156836, nerdesunask, Reasons: default, 
2802089571, censoalr, Reasons: default, no description, 
258723505, welldodo, Reasons: default, no description, 
2611942044, trfbk31b, Reasons: default, no description, 
2720564107, IwanKur90801621, Reasons: default, no description, 
2192829371, KisaUliana, Reasons: default, no description, 
2839128667, kjasdr, Reasons: default, no description, 
2713059140, Rando_Deal82, Reasons: default, no description, 
2529977181, 1097Islamiyah, Reasons: default, no description, 
2656689409, moiportdershend, Reasons: default, no description, 
535873030, ALQATAAN, Reasons: default, no description, 
372101803, Kings4u2, Reasons: default, no description, 
83972921, diview, Reasons: default, 
2159960973, AlenaAvex, Reasons: default, no description, 
1332701868, bizyotter, Reasons: default, no followers, 
1610381904, beedoo305, Reasons: default, no description, 
2757158673, gosneyfriedl, Reasons: default, no followers, 
2836139891, inoyobav, Reasons: default, no followers, 
2441719278, ward_alrabeea, Reasons: default, no description, 
1025520956, alimohsan1234, Reasons: default, no description, 
2871129408, AnnikaDaniela, Reasons: default, no description, 
2369798479, 48Dk74, Reasons: default, no description, 
2840298517, eikyuicora, Reasons: default, no description, 
1480337244, fatmaerol41, Reasons: default, no description, 
1583888893, mafubykydadi, Reasons: default, no description, 
1425811592, bissoben29, Reasons: default, no description, 
736338007, dloo3h_dxb, Reasons: default, no description, 
2587190342, p5h2s1e8, Reasons: default, egghead, 
324868249, KR_DD, Reasons: no description, 
488799865, rePUBLICanENEMY, Reasons: default, no description, 
513126793, sahmforex, Reasons: default, no description, 
2531322517, puqelixovet, Reasons: default, no description, 
2311827569, Mylove_191, Reasons: default, 
2868623857, inouesamansa, Reasons: default, no description, 
2699637138, Buy_H573, Reasons: default, no description, 
2409261210, kosugeakiyoship, Reasons: default, no description, 
1238389639, nikodoug, Reasons: default, no description, 
2801849582, ummohmedtahaa2, Reasons: default, no description, 
603360127, VPassley, Reasons: default, no description, 
843064616, bonyblue2, Reasons: default, 
2688389354, BossPubowoo6, Reasons: default, no description, 
2830631990, AlhwiteMamdouh0, Reasons: default, no description, 
1448227032, MOP_RUSSIA, Reasons: default, no description, 
2846729889, onlinecasino115, Reasons: default, egghead, 
247440822, alwahaj99, Reasons: default, no description, 
2762137290, JannaSamari, Reasons: default, 
2561167422, rag_2nd, Reasons: default, no description, 
427639448, Lerusy_Lerusy, Reasons: no description, 
878979097, LongMan21, Reasons: default, no description, 
54680306, fe_wakas, Reasons: default, no description, 
2864988457, awamjd224, Reasons: default, no followers, 
1048861752, Luchik__Solnca, Reasons: default, no description, 
2524124034, dkuponru, Reasons: default, no description, 
1415943169, zekkei_ikou, Reasons: default, no description, 
2593802262, tshle7705548590, Reasons: default, no description, 
2586612763, 16_wasn, Reasons: default, no description, 
1017850152, abrahim_0101, Reasons: default, no description, 
2851661586, 8ca2945fe916460, Reasons: default, no description, 
894308514, LelyaSvetlana, Reasons: default, no description, 
299150139, Astaroth_tweet, Reasons: default, no description, 
2595813847, a4k0w3f2, Reasons: default, egghead, 
2438648616, toyoharahikarua, Reasons: default, no description, 
2842641737, Katy_Perry_RT, Reasons: default, no description, 
1714491223, a100bbmzsw, Reasons: default, no description, 
1098060565, fatima13_AH, Reasons: default, no description, 
2809179774, kato_retu, Reasons: default, no description, 
1267542212, DouglasDawson7, Reasons: default, no description, 
328525409, wordpress_News, Reasons: default, no description, 
1230358099, protathlimacom, Reasons: default, no description, 
576839279, bizen56385, Reasons: default, no description, 
