253556588, yun3376, Reasons: default, egghead, no description, no followers, default, egghead, no description, no followers, 
1218221888, atikdummy, Reasons: default, egghead, no followers, default, egghead, no followers, 
2575067461, 1nn1, Reasons: default, no description, no followers, default, no description, no followers, 
2337732230, yun4001a, Reasons: default, egghead, no description, default, egghead, no description, 
1168649676, Shimarena_bot, Reasons: default, default, default, default, default, default, default, 
2337732230, yun4001a, Reasons: default, egghead, no description, default, egghead, no description, default, egghead, no description, 
2337732230, yun4001a, Reasons: default, egghead, no description, default, egghead, no description, default, egghead, no description, default, egghead, no description, 
2337732230, yun4001a, Reasons: default, egghead, no description, default, egghead, no description, default, egghead, no description, default, egghead, no description, default, egghead, no description, 
1168649676, Shimarena_bot, Reasons: default, default, default, default, default, default, default, default, 
2337732230, yun4001a, Reasons: default, egghead, no description, default, egghead, no description, default, egghead, no description, default, egghead, no description, default, egghead, no description, default, egghead, no description, 
2337732230, yun4001a, Reasons: default, egghead, no description, default, egghead, no description, default, egghead, no description, default, egghead, no description, default, egghead, no description, default, egghead, no description, default, egghead, no description, 
2337732230, yun4001a, Reasons: default, egghead, no description, default, egghead, no description, default, egghead, no description, default, egghead, no description, default, egghead, no description, default, egghead, no description, default, egghead, no description, default, egghead, no description, 
2337732230, yun4001a, Reasons: default, egghead, no description, default, egghead, no description, default, egghead, no description, default, egghead, no description, default, egghead, no description, default, egghead, no description, default, egghead, no description, default, egghead, no description, default, egghead, no description, 
2768568357, safroshkinavv, Reasons: default, egghead, no description, no followers, default, egghead, no description, no followers, 
490898371, aa9968, Reasons: default, no description, default, no description, default, no description, 
490898371, aa9968, Reasons: default, no description, default, no description, default, no description, default, no description, 
490898371, aa9968, Reasons: default, no description, default, no description, default, no description, default, no description, default, no description, 
490898371, aa9968, Reasons: default, no description, default, no description, default, no description, default, no description, default, no description, default, no description, 
490898371, aa9968, Reasons: default, no description, default, no description, default, no description, default, no description, default, no description, default, no description, default, no description, 
490898371, aa9968, Reasons: default, no description, default, no description, default, no description, default, no description, default, no description, default, no description, default, no description, default, no description, 
490898371, aa9968, Reasons: default, no description, default, no description, default, no description, default, no description, default, no description, default, no description, default, no description, default, no description, default, no description, 
490898371, aa9968, Reasons: default, no description, default, no description, default, no description, default, no description, default, no description, default, no description, default, no description, default, no description, default, no description, default, no description, 
490898371, aa9968, Reasons: default, no description, default, no description, default, no description, default, no description, default, no description, default, no description, default, no description, default, no description, default, no description, default, no description, default, no description, 
490898371, aa9968, Reasons: default, no description, default, no description, default, no description, default, no description, default, no description, default, no description, default, no description, default, no description, default, no description, default, no description, default, no description, default, no description, 
490898371, aa9968, Reasons: default, no description, default, no description, default, no description, default, no description, default, no description, default, no description, default, no description, default, no description, default, no description, default, no description, default, no description, default, no description, default, no description, 
490898371, aa9968, Reasons: default, no description, default, no description, default, no description, default, no description, default, no description, default, no description, default, no description, default, no description, default, no description, default, no description, default, no description, default, no description, default, no description, default, no description, 
2781873808, ParsCod4419460, Reasons: default, egghead, no description, default, egghead, no description, 
1588991821, abab4472, Reasons: default, egghead, no description, no followers, default, egghead, no description, no followers, 
2561167422, rag_2nd, Reasons: default, no description, default, no description, default, no description, default, no description, 
2846729889, onlinecasino115, Reasons: default, egghead, default, egghead, default, egghead, 
